timestamp,M1,M2,M3,M4,pitch,roll,yaw,thrust,accel_x,accel_y,accel_z,angle_x,angle_y,angle_z
6772,-244.17,319.19,239.74,-282.88,-29.54,10.19,271.49,7.97,-0.16,-0.11,1.04,1.42,0.63
6773,-244.22,319.21,239.77,-282.90,-29.53,10.19,271.52,7.96,-0.16,-0.10,1.04,1.47,0.89
6774,-244.25,319.26,239.76,-282.92,-29.54,10.21,271.55,7.96,-0.16,-0.10,1.04,1.39,0.75
6775,-244.25,319.28,239.79,-282.95,-29.55,10.20,271.57,7.97,-0.16,-0.10,1.04,1.27,0.85
6776,-244.31,319.33,239.80,-282.96,-29.55,10.22,271.60,7.96,-0.16,-0.10,1.04,1.94,1.16
6777,-244.34,319.39,239.79,-282.97,-29.56,10.24,271.62,7.96,-0.16,-0.11,1.04,1.76,1.39
6778,-244.36,319.45,239.82,-282.99,-29.56,10.25,271.65,7.98,-0.16,-0.10,1.04,1.24,1.21
6779,-244.42,319.45,239.83,-283.04,-29.56,10.25,271.68,7.96,-0.16,-0.10,1.04,1.31,1.11
6780,-244.41,319.53,239.85,-283.05,-29.58,10.26,271.71,7.98,-0.16,-0.10,1.04,1.21,0.76
6781,-244.44,319.57,239.86,-283.09,-29.59,10.27,271.74,7.97,-0.16,-0.11,1.04,0.90,0.90
6782,-244.47,319.63,239.88,-283.09,-29.59,10.28,271.77,7.99,-0.16,-0.10,1.05,1.35,0.94
6783,-244.48,319.66,239.89,-283.14,-29.61,10.28,271.79,7.98,-0.16,-0.10,1.05,1.24,0.68
6784,-244.53,319.69,239.89,-283.17,-29.61,10.29,271.82,7.97,-0.16,-0.10,1.04,1.02,0.74
6785,-244.53,319.72,239.93,-283.21,-29.62,10.28,271.85,7.98,-0.16,-0.10,1.04,0.76,0.80
6786,-244.58,319.77,239.90,-283.24,-29.63,10.30,271.87,7.96,-0.16,-0.10,1.03,1.05,0.79
6787,-244.62,319.82,239.93,-283.22,-29.62,10.32,271.90,7.98,-0.16,-0.10,1.04,1.90,0.90
6788,-244.63,319.88,239.96,-283.23,-29.63,10.33,271.93,7.99,-0.16,-0.10,1.05,1.70,1.20
6789,-244.67,319.88,239.95,-283.28,-29.64,10.33,271.95,7.97,-0.16,-0.10,1.04,1.32,0.82
6790,-244.71,319.93,239.98,-283.29,-29.63,10.34,271.98,7.98,-0.16,-0.10,1.04,1.16,0.97
6791,-244.73,319.98,240.01,-283.29,-29.63,10.35,272.00,7.99,-0.16,-0.10,1.04,1.57,0.99
6792,-244.79,320.02,239.97,-283.33,-29.65,10.37,272.03,7.97,-0.16,-0.10,1.03,1.53,0.79
6793,-244.78,320.06,240.01,-283.36,-29.66,10.37,272.05,7.98,-0.16,-0.10,1.04,0.95,0.50
6794,-244.81,320.11,240.02,-283.39,-29.67,10.38,272.08,7.98,-0.16,-0.10,1.04,1.11,0.92
6795,-244.87,320.16,240.04,-283.37,-29.66,10.40,272.11,7.99,-0.16,-0.10,1.04,2.17,1.03
6796,-244.90,320.20,240.07,-283.40,-29.66,10.41,272.14,7.99,-0.16,-0.10,1.04,1.58,1.07
6797,-244.92,320.24,240.05,-283.45,-29.68,10.41,272.17,7.98,-0.16,-0.10,1.04,1.31,0.95
6798,-244.96,320.29,240.05,-283.46,-29.68,10.43,272.19,7.98,-0.16,-0.10,1.04,1.40,1.02
6799,-244.98,320.34,240.09,-283.48,-29.69,10.44,272.22,7.99,-0.16,-0.10,1.04,1.76,0.82
6800,-244.99,320.39,240.07,-283.52,-29.71,10.45,272.24,7.99,-0.16,-0.11,1.04,1.23,0.88
6801,-245.02,320.41,240.15,-283.49,-29.68,10.44,272.27,8.01,-0.16,-0.10,1.05,1.06,1.02
6802,-245.06,320.44,240.11,-283.57,-29.71,10.46,272.30,7.98,-0.16,-0.10,1.04,1.45,0.70
6803,-245.09,320.49,240.14,-283.55,-29.70,10.47,272.32,8.00,-0.16,-0.10,1.04,1.46,0.76
6804,-245.12,320.53,240.14,-283.59,-29.71,10.48,272.34,7.99,-0.16,-0.10,1.04,1.37,0.73
6805,-245.14,320.57,240.18,-283.60,-29.71,10.48,272.37,8.00,-0.16,-0.10,1.04,1.54,0.89
6806,-245.19,320.62,240.15,-283.62,-29.72,10.51,272.40,7.99,-0.16,-0.10,1.04,1.78,1.24
6807,-245.20,320.67,240.18,-283.64,-29.73,10.51,272.42,8.00,-0.16,-0.10,1.04,1.29,1.04
6808,-245.24,320.70,240.18,-283.67,-29.74,10.52,272.45,7.99,-0.16,-0.10,1.04,1.25,0.55
6809,-245.26,320.75,240.21,-283.69,-29.74,10.53,272.48,8.00,-0.16,-0.10,1.04,1.42,0.82
6810,-245.30,320.78,240.20,-283.71,-29.75,10.54,272.50,7.99,-0.16,-0.10,1.04,1.56,0.68
6811,-245.32,320.83,240.22,-283.72,-29.75,10.55,272.52,8.00,-0.16,-0.10,1.04,1.66,0.51
6812,-245.35,320.87,240.23,-283.75,-29.76,10.56,272.55,8.00,-0.16,-0.10,1.04,1.48,0.64
6813,-245.39,320.88,240.26,-283.77,-29.75,10.56,272.58,7.99,-0.15,-0.10,1.03,1.60,1.09
6814,-245.42,320.93,240.31,-283.76,-29.74,10.57,272.60,8.01,-0.16,-0.10,1.04,1.53,1.11
6815,-245.46,320.99,240.27,-283.80,-29.77,10.59,272.63,8.00,-0.16,-0.10,1.04,1.83,0.70
6816,-245.49,321.05,240.28,-283.81,-29.77,10.61,272.66,8.01,-0.16,-0.10,1.04,1.68,0.68
6817,-245.52,321.11,240.29,-283.82,-29.78,10.63,272.69,8.02,-0.17,-0.10,1.04,1.39,0.63
6818,-245.52,321.15,240.33,-283.84,-29.79,10.62,272.71,8.03,-0.16,-0.10,1.05,1.04,0.47
6819,-245.56,321.15,240.33,-283.90,-29.79,10.62,272.73,8.00,-0.16,-0.10,1.04,0.94,0.63
6820,-245.60,321.19,240.33,-283.92,-29.80,10.63,272.76,8.00,-0.16,-0.10,1.03,1.72,1.05
6821,-245.61,321.26,240.37,-283.90,-29.80,10.65,272.79,8.03,-0.16,-0.10,1.05,1.53,0.83
6822,-245.64,321.28,240.36,-283.97,-29.82,10.65,272.81,8.01,-0.16,-0.10,1.04,1.18,0.57
6823,-245.65,321.33,240.41,-283.98,-29.81,10.65,272.84,8.03,-0.16,-0.10,1.04,1.05,0.90
6824,-245.70,321.37,240.40,-284.01,-29.82,10.67,272.87,8.02,-0.16,-0.10,1.04,1.05,0.81
6825,-245.75,321.39,240.42,-284.03,-29.81,10.67,272.89,8.01,-0.16,-0.10,1.04,1.04,0.95
6826,-245.73,321.44,240.46,-284.04,-29.82,10.67,272.92,8.03,-0.16,-0.10,1.05,1.08,0.67
6827,-245.76,321.47,240.46,-284.09,-29.84,10.67,272.95,8.02,-0.16,-0.10,1.04,1.22,0.69
6828,-245.81,321.50,240.48,-284.10,-29.83,10.68,272.97,8.02,-0.16,-0.10,1.04,1.10,0.82
6829,-245.83,321.55,240.48,-284.13,-29.84,10.69,273.00,8.02,-0.16,-0.10,1.04,1.23,0.64
6830,-245.85,321.59,240.52,-284.15,-29.84,10.69,273.02,8.03,-0.16,-0.10,1.04,1.25,1.11
6831,-245.89,321.64,240.51,-284.17,-29.85,10.71,273.05,8.02,-0.16,-0.10,1.04,1.41,0.87
6832,-245.90,321.67,240.56,-284.19,-29.85,10.70,273.08,8.03,-0.16,-0.10,1.04,1.19,0.95
6833,-245.96,321.70,240.54,-284.24,-29.86,10.72,273.11,8.01,-0.16,-0.10,1.03,1.56,0.82
6834,-245.95,321.77,240.56,-284.25,-29.88,10.73,273.13,8.03,-0.16,-0.11,1.04,1.73,0.87
6835,-245.72,321.81,239.78,-284.11,-30.11,10.91,272.86,7.94,-0.19,-0.17,1.00,3.93,1.12
6836,-246.02,322.14,240.31,-283.82,-29.91,11.01,273.07,8.15,-0.19,-0.09,1.08,7.18,3.28
6837,-246.18,321.95,240.12,-284.07,-29.93,10.98,273.08,7.96,-0.16,-0.09,1.02,3.40,0.93
6838,-246.00,321.83,240.52,-284.41,-29.93,10.73,273.19,7.98,-0.12,-0.09,1.01,-4.17,-0.61
6839,-245.88,322.05,240.40,-284.29,-30.01,10.81,273.15,8.07,-0.16,-0.11,1.04,-1.14,-0.84
6840,-246.03,322.10,240.39,-284.28,-29.99,10.87,273.20,8.04,-0.15,-0.10,1.05,4.20,0.43
6841,-246.16,322.01,240.38,-284.30,-29.94,10.88,273.21,7.98,-0.15,-0.09,1.02,3.60,1.25
6842,-246.02,322.12,240.40,-284.36,-30.02,10.85,273.22,8.04,-0.16,-0.09,1.03,-0.54,-2.67
6843,-245.81,322.07,240.40,-284.37,-30.06,10.78,273.16,8.07,-0.16,-0.10,1.05,-3.16,-2.03
6844,-255.38,324.23,242.26,-275.83,-25.61,15.38,274.43,8.82,-1.06,2.00,1.44,189.99,59.07
6845,-252.72,322.20,239.89,-277.37,-26.74,14.41,273.04,8.00,-0.28,-0.11,1.22,61.47,59.90
6846,-247.01,321.04,240.32,-281.16,-28.72,11.64,272.38,8.30,0.02,-0.47,1.26,-69.56,-19.44
6847,-249.39,319.49,241.13,-279.05,-27.00,12.18,272.26,8.05,-0.22,0.13,1.15,-26.92,19.86
6848,-252.13,324.06,245.13,-289.02,-28.96,10.51,277.59,7.01,0.41,0.10,0.58,42.64,-111.12
6849,-248.92,321.11,243.13,-280.90,-27.49,11.50,273.51,8.61,-0.44,0.01,1.09,-36.27,24.32
6850,-249.76,322.30,243.43,-282.92,-28.01,11.43,274.60,8.26,-0.17,-0.01,1.17,1.36,-17.41
6851,-249.20,322.67,243.15,-283.71,-28.51,11.26,274.68,8.23,-0.13,-0.05,1.20,0.11,-33.63
6852,-250.61,322.34,243.35,-283.10,-27.87,11.63,274.85,8.00,-0.17,-0.04,1.09,16.02,12.88
6853,-250.09,322.50,243.25,-283.35,-28.13,11.50,274.80,8.08,-0.18,-0.08,1.08,1.92,-4.05
6854,-250.05,322.65,243.07,-282.86,-28.10,11.69,274.66,8.20,-0.19,-0.07,1.14,11.15,-1.97
6855,-251.71,323.75,243.42,-283.04,-27.92,12.25,275.48,8.10,-0.29,-0.03,1.12,19.69,1.85
6856,-251.89,322.94,244.63,-283.87,-27.57,11.58,275.83,7.95,-0.18,-0.01,1.03,-16.45,12.50
6857,-250.95,322.43,244.49,-283.60,-27.65,11.32,275.37,8.09,-0.12,-0.10,1.05,-11.27,13.26
6858,-250.30,322.01,244.94,-283.76,-27.63,10.90,275.25,8.22,-0.13,-0.17,1.13,-21.90,20.67
6859,-249.38,321.31,247.20,-286.05,-27.70,9.36,275.99,8.27,-0.11,-0.17,1.19,-83.18,13.37
6860,-248.49,320.20,248.98,-288.17,-27.73,7.88,276.46,8.13,-0.16,-0.16,1.15,-121.77,11.17
6861,-248.24,319.84,250.39,-289.75,-27.74,6.99,277.06,8.06,-0.19,-0.13,1.10,-115.84,7.97
6862,-248.09,318.54,251.66,-290.45,-27.31,6.13,277.19,7.92,-0.25,-0.14,1.00,-121.90,35.14
6863,-246.28,317.29,252.89,-292.01,-27.53,4.67,277.12,7.97,-0.23,-0.23,0.98,-148.72,30.81
6864,-244.78,316.24,254.63,-293.72,-27.64,3.17,277.34,8.09,-0.23,-0.33,1.02,-165.87,39.56
6865,-243.70,315.80,255.31,-294.78,-27.89,2.35,277.40,8.16,-0.23,-0.36,1.08,-139.74,32.31
6866,-242.93,314.71,256.19,-296.38,-27.99,1.27,277.56,7.90,-0.29,-0.34,0.98,-156.20,35.68
6867,-242.23,314.24,256.67,-297.87,-28.30,0.48,277.75,7.70,-0.34,-0.44,0.83,-158.02,51.32
6868,-241.89,313.77,256.82,-298.12,-28.30,0.18,277.65,7.65,-0.35,-0.50,0.73,-134.46,81.39
6869,-241.32,312.90,257.09,-298.02,-28.13,-0.22,277.33,7.67,-0.31,-0.48,0.68,-122.68,97.30
6870,-242.12,312.87,256.26,-296.81,-27.82,0.48,277.01,7.55,-0.41,-0.44,0.60,-88.16,108.32
6871,-242.57,313.02,255.18,-294.60,-27.47,1.45,276.34,7.76,-0.39,-0.46,0.67,-34.85,118.42
6872,-243.10,313.32,254.66,-293.38,-27.24,2.10,276.11,7.87,-0.35,-0.45,0.76,-15.34,110.26
6873,-244.37,313.78,253.07,-291.13,-26.87,3.49,275.59,7.84,-0.40,-0.40,0.79,18.34,106.24
6874,-245.26,315.05,251.26,-288.94,-26.87,5.03,275.13,8.03,-0.37,-0.46,0.89,62.28,94.24
6875,-246.70,316.47,249.91,-288.00,-26.97,6.32,275.27,7.92,-0.34,-0.44,0.89,70.89,80.59
6876,-248.52,318.57,248.79,-287.35,-27.15,7.74,275.81,7.87,-0.39,-0.42,0.87,71.38,67.85
6877,-250.00,321.08,248.30,-286.81,-27.40,8.99,276.55,8.14,-0.35,-0.39,0.99,82.54,49.08
6878,-251.90,323.83,246.35,-286.16,-27.93,10.80,277.06,8.03,-0.39,-0.36,0.99,106.22,24.35
6879,-254.29,326.96,244.51,-285.88,-28.51,12.71,277.91,7.82,-0.45,-0.33,0.89,112.73,10.92
6880,-256.88,330.60,243.03,-285.76,-29.11,14.67,279.07,7.75,-0.48,-0.36,0.80,118.42,10.85
6881,-258.18,334.41,241.41,-284.69,-29.88,16.62,279.67,8.24,-0.43,-0.40,1.00,150.88,-5.31
6882,-259.12,337.33,239.94,-285.17,-30.86,17.84,280.39,8.25,-0.43,-0.41,1.11,126.20,-26.82
6883,-260.43,339.98,237.73,-285.72,-31.89,19.24,280.96,7.89,-0.47,-0.36,0.98,110.05,-41.63
6884,-261.20,342.86,236.11,-285.91,-32.87,20.51,281.52,7.97,-0.46,-0.34,0.95,103.21,-48.53
6885,-261.67,345.57,234.92,-286.66,-33.91,21.41,282.20,8.04,-0.42,-0.29,0.98,89.06,-63.90
6886,-261.52,347.85,234.13,-287.71,-34.98,21.88,282.80,8.19,-0.38,-0.24,1.06,67.37,-80.37
6887,-260.56,349.81,233.27,-289.46,-36.36,21.91,283.27,8.27,-0.36,-0.21,1.15,35.31,-108.62
6888,-259.66,351.56,231.12,-291.02,-37.95,22.27,283.34,8.00,-0.40,-0.22,1.05,24.29,-127.80
6889,-260.35,352.65,229.01,-290.92,-38.55,23.27,283.23,7.60,-0.51,-0.08,0.80,18.94,-112.13
6890,-259.50,354.35,227.31,-290.55,-39.52,24.00,282.93,7.90,-0.36,-0.13,0.83,50.60,-103.02
6891,-258.71,356.33,226.35,-290.97,-40.56,24.43,283.09,8.25,-0.30,-0.18,1.02,61.84,-103.91
6892,-258.83,357.37,225.15,-291.47,-41.22,24.89,283.20,8.05,-0.33,-0.07,1.01,51.33,-107.02
6893,-257.97,357.45,225.81,-293.00,-41.67,24.15,283.56,8.07,-0.35,-0.05,1.02,-14.33,-94.23
6894,-257.03,357.23,226.05,-295.38,-42.38,23.21,283.93,7.72,-0.29,-0.17,0.85,-56.38,-75.29
6895,-255.51,357.20,226.02,-295.54,-42.80,22.79,283.56,8.04,-0.20,-0.15,0.92,-31.66,-67.94
6896,-255.73,356.24,225.32,-294.55,-42.43,23.02,282.96,7.82,-0.21,0.05,0.85,-3.48,-61.56
6897,-255.70,356.68,226.05,-294.09,-42.25,23.06,283.13,8.23,-0.19,0.08,1.02,15.61,-53.22
6898,-255.47,356.97,225.96,-294.52,-42.51,22.99,283.23,8.23,-0.15,-0.02,1.10,23.15,-52.04
6899,-254.54,356.98,225.68,-295.72,-43.12,22.53,283.23,8.10,-0.08,-0.19,1.07,14.45,-49.99
6900,-253.23,356.09,226.43,-296.78,-43.30,21.53,283.13,8.13,-0.05,-0.12,1.07,-20.26,-54.09
6901,-253.35,354.71,227.24,-297.49,-42.90,20.83,283.20,7.78,-0.10,0.02,0.90,-36.60,-43.84
6902,-252.52,355.01,227.98,-297.00,-42.88,20.64,283.13,8.37,-0.06,-0.01,1.11,-4.30,-41.35
6903,-252.63,354.65,227.54,-297.36,-42.96,20.59,283.04,8.05,-0.02,-0.06,1.05,21.39,-39.60
6904,-252.02,354.31,227.04,-297.18,-43.11,20.53,282.64,8.04,-0.00,-0.10,1.01,33.25,-38.29
6905,-252.68,353.75,227.12,-296.35,-42.57,20.74,282.48,7.96,-0.01,0.00,0.96,51.44,-26.50
6906,-252.51,353.49,227.70,-295.98,-42.31,20.58,282.42,8.18,0.00,-0.03,1.04,43.68,-18.71
6907,-253.04,352.91,227.67,-295.51,-41.93,20.69,282.29,8.01,0.01,-0.01,0.99,54.21,-14.72
6908,-253.16,352.54,227.81,-294.61,-41.54,20.82,282.03,8.14,0.02,-0.02,1.04,62.69,-7.97
6909,-253.78,351.35,228.13,-293.67,-40.78,20.83,281.73,8.01,0.04,0.02,0.99,63.52,6.53
6910,-254.99,350.58,228.06,-291.50,-39.76,21.50,281.28,8.04,0.01,0.13,0.98,90.67,12.26
6911,-256.73,350.46,227.01,-288.56,-38.82,22.90,280.69,8.04,-0.01,0.15,0.98,143.52,16.40
6912,-257.69,349.73,227.33,-287.16,-37.97,23.23,280.48,8.05,0.01,0.13,0.99,120.67,21.89
6913,-258.37,348.81,227.71,-285.84,-37.14,23.41,280.18,8.08,0.01,0.14,1.00,100.92,21.85
6914,-259.12,347.70,228.44,-284.65,-36.20,23.43,279.98,8.09,-0.00,0.19,1.01,82.58,19.32
6915,-259.72,346.66,229.12,-283.40,-35.31,23.46,279.73,8.16,-0.01,0.22,1.05,73.56,17.65
6916,-260.60,345.56,229.86,-282.03,-34.28,23.57,279.51,8.20,-0.02,0.30,1.09,71.65,15.73
6917,-261.70,344.59,230.35,-280.90,-33.36,23.76,279.38,8.08,-0.03,0.28,1.05,75.66,18.28
6918,-262.18,343.54,231.40,-279.90,-32.46,23.61,279.25,8.21,-0.00,0.29,1.10,65.15,17.98
6919,-263.09,342.06,232.33,-279.08,-31.43,23.43,279.14,8.05,-0.04,0.34,1.04,51.27,15.41
6920,-263.71,341.00,233.00,-277.77,-30.52,23.48,278.87,8.13,-0.04,0.33,1.05,58.09,16.31
6921,-264.64,340.00,233.69,-276.37,-29.51,23.65,278.67,8.17,-0.04,0.38,1.07,67.08,14.86
6922,-265.98,338.93,234.55,-275.34,-28.43,23.75,278.70,8.04,-0.07,0.42,1.02,65.18,13.65
6923,-267.38,338.32,235.05,-273.67,-27.39,24.24,278.60,8.08,-0.06,0.41,1.01,87.89,18.11
6924,-268.66,337.16,236.21,-272.70,-26.25,24.23,278.68,8.00,-0.07,0.45,0.97,71.88,16.84
6925,-269.20,335.90,237.92,-272.38,-25.29,23.70,278.85,8.06,-0.06,0.47,0.98,39.74,10.55
6926,-270.47,334.87,238.76,-271.27,-24.23,23.83,278.84,7.97,-0.09,0.47,0.93,51.14,11.33
6927,-271.66,333.55,239.50,-269.61,-23.00,24.02,278.58,7.94,-0.10,0.51,0.90,61.87,13.68
6928,-272.46,332.73,240.33,-268.29,-22.06,24.15,278.45,8.08,-0.09,0.50,0.95,67.26,12.85
6929,-274.34,331.96,240.67,-266.42,-20.84,24.80,278.35,7.97,-0.11,0.57,0.92,92.80,10.50
6930,-275.70,331.14,241.38,-264.87,-19.73,25.15,278.27,7.99,-0.10,0.57,0.91,94.26,11.95
6931,-277.25,330.21,242.43,-263.72,-18.56,25.33,278.40,7.92,-0.10,0.58,0.87,86.08,12.29
6932,-279.07,328.99,244.14,-262.67,-17.11,25.31,278.72,7.85,-0.15,0.67,0.82,64.04,13.93
6933,-279.52,327.79,245.68,-261.84,-16.11,24.95,278.71,8.03,-0.10,0.59,0.88,48.53,17.90
6934,-281.15,326.48,246.94,-261.07,-14.87,24.90,278.91,7.80,-0.14,0.62,0.80,44.92,13.19
6935,-282.52,325.30,248.38,-259.83,-13.56,24.90,279.01,7.83,-0.13,0.63,0.77,50.22,16.85
6936,-283.39,323.54,249.83,-258.61,-12.23,24.62,278.85,7.84,-0.10,0.66,0.76,42.61,17.99
6937,-283.85,321.42,251.11,-257.18,-10.91,24.25,278.39,7.87,-0.13,0.69,0.77,27.11,21.51
6938,-283.71,319.59,252.80,-257.08,-10.04,23.36,278.29,7.90,-0.13,0.69,0.79,-5.43,3.87
6939,-284.03,317.90,254.13,-256.67,-9.10,22.78,278.18,7.83,-0.17,0.70,0.77,-13.24,-4.65
6940,-284.70,315.96,255.56,-255.80,-7.88,22.33,278.01,7.75,-0.18,0.67,0.72,-11.30,6.48
6941,-284.74,313.96,257.36,-254.61,-6.62,21.68,277.67,7.99,-0.17,0.65,0.81,-16.76,29.12
6942,-284.91,312.87,257.51,-254.04,-6.12,21.56,277.33,7.86,-0.16,0.67,0.79,7.01,-8.95
6943,-284.66,311.31,257.91,-253.08,-5.46,21.25,276.74,7.87,-0.18,0.66,0.78,4.46,-14.87
6944,-283.98,309.58,258.60,-252.59,-4.90,20.59,276.19,7.90,-0.17,0.64,0.80,-11.00,-20.29
6945,-282.89,307.58,259.07,-252.61,-4.56,19.70,275.54,7.79,-0.17,0.54,0.75,-36.49,-25.24
6946,-281.24,305.73,259.38,-252.98,-4.52,18.65,274.83,7.72,-0.14,0.43,0.69,-54.54,-35.42
6947,-279.51,304.94,259.57,-251.80,-4.41,18.27,273.95,8.30,-0.16,0.58,0.95,-26.84,-43.07
6948,-279.68,303.02,260.25,-251.76,-3.71,17.67,273.68,7.96,-0.26,0.70,0.90,-40.69,-34.29
6949,-278.29,301.61,261.16,-252.74,-3.72,16.50,273.45,7.94,-0.22,0.60,0.87,-67.93,-47.32
6950,-276.57,299.62,262.16,-253.41,-3.58,15.16,272.94,7.95,-0.20,0.55,0.86,-92.34,-45.08
6951,-273.91,297.89,263.46,-255.09,-3.90,13.31,272.59,8.09,-0.12,0.48,0.93,-119.20,-56.21
6952,-271.15,296.32,266.02,-258.52,-4.42,10.73,273.00,8.17,-0.10,0.39,1.00,-175.60,-61.51
6953,-268.98,295.10,268.54,-262.00,-4.90,8.39,273.66,8.16,-0.11,0.33,1.03,-200.61,-60.77
6954,-268.28,294.52,271.66,-265.34,-4.98,6.45,274.95,8.14,-0.19,0.44,1.03,-205.42,-60.93
6955,-266.65,293.85,273.48,-267.66,-5.35,4.84,275.41,8.26,-0.13,0.40,1.09,-179.12,-59.99
6956,-265.19,293.22,273.27,-269.48,-6.06,3.92,275.29,7.95,-0.09,0.21,0.97,-134.36,-57.78
6957,-263.10,292.05,272.25,-268.96,-6.42,3.49,274.09,8.06,-0.09,0.11,0.96,-89.33,-34.60
6958,-260.26,290.90,272.14,-270.01,-7.13,2.25,273.33,8.19,-0.02,0.04,1.02,-96.37,-35.73
6959,-257.66,289.39,273.57,-272.43,-7.65,0.26,273.26,8.22,-0.03,0.06,1.07,-148.60,-37.40
6960,-256.98,289.41,273.30,-272.69,-7.95,0.10,273.10,8.26,-0.11,0.16,1.11,-95.62,-42.74
6961,-257.24,289.08,271.93,-270.62,-7.63,0.94,272.22,8.29,-0.13,0.23,1.14,-13.37,-14.71
6962,-256.95,288.69,269.93,-269.34,-7.79,1.59,271.23,8.08,-0.08,0.09,1.06,26.73,0.89
6963,-255.93,288.31,269.30,-269.08,-8.04,1.46,270.66,8.15,-0.03,0.00,1.05,13.11,7.85
6964,-254.88,287.92,268.48,-268.39,-8.24,1.48,269.92,8.28,0.01,-0.01,1.11,14.62,8.56
6965,-253.52,287.09,268.06,-268.49,-8.50,1.02,269.29,8.29,0.04,0.03,1.14,-7.77,-1.77
6966,-251.98,287.51,268.43,-271.67,-9.69,-0.15,269.90,8.07,-0.04,0.06,1.05,-70.57,-57.89
6967,-250.00,288.39,267.39,-272.91,-10.98,-0.48,269.67,8.22,0.00,0.07,1.07,-47.40,-89.48
6968,-248.75,288.94,266.78,-274.19,-11.90,-0.82,269.66,8.20,0.04,0.03,1.08,-33.21,-81.56
6969,-247.66,289.56,266.00,-275.52,-12.86,-1.07,269.68,8.10,0.04,0.01,1.03,-26.69,-80.66
6970,-246.72,290.00,266.02,-276.72,-13.49,-1.51,269.86,8.15,0.08,-0.02,1.03,-25.35,-62.88
6971,-245.09,289.97,266.06,-277.97,-14.20,-2.24,269.77,8.24,0.16,-0.05,1.07,-32.33,-54.62
6972,-244.09,290.02,266.11,-279.66,-14.87,-2.92,269.97,8.10,0.12,-0.05,1.02,-44.77,-51.63
6973,-242.20,290.41,265.64,-280.93,-15.88,-3.49,269.79,8.23,0.20,-0.07,1.07,-32.41,-66.11
6974,-241.00,290.73,264.92,-282.18,-16.75,-3.84,269.71,8.12,0.16,-0.05,1.03,-26.43,-71.37
6975,-239.66,290.71,264.94,-283.20,-17.33,-4.44,269.63,8.20,0.23,-0.09,1.05,-24.33,-53.25
6976,-237.99,290.59,264.16,-284.10,-18.14,-4.92,269.21,8.16,0.24,-0.10,1.04,-19.32,-58.08
6977,-236.36,290.51,264.03,-285.00,-18.78,-5.54,268.97,8.29,0.29,-0.10,1.11,-21.93,-54.56
6978,-235.22,290.16,263.82,-286.15,-19.32,-6.15,268.84,8.15,0.30,-0.10,1.06,-21.83,-46.89
6979,-233.82,289.99,263.46,-286.84,-19.89,-6.62,268.53,8.20,0.34,-0.12,1.07,-11.77,-42.57
6980,-232.37,289.77,263.02,-287.85,-20.56,-7.18,268.25,8.14,0.37,-0.14,1.04,-9.34,-44.61
6981,-230.82,289.81,262.51,-288.91,-21.35,-7.70,268.01,8.15,0.37,-0.13,1.03,-8.50,-55.24
6982,-229.90,289.70,262.22,-289.74,-21.83,-8.09,267.89,8.07,0.35,-0.11,0.98,-2.81,-48.40
6983,-228.42,289.46,262.01,-290.59,-22.41,-8.68,267.62,8.11,0.38,-0.10,0.98,-5.14,-50.54
6984,-226.79,289.25,262.03,-291.93,-23.09,-9.48,267.50,8.14,0.44,-0.14,0.99,-13.06,-50.91
6985,-225.55,288.94,261.74,-293.10,-23.69,-10.09,267.34,8.01,0.39,-0.15,0.93,-14.92,-47.99
6986,-224.23,288.74,261.77,-293.86,-24.15,-10.67,267.15,8.10,0.42,-0.15,0.95,-10.37,-42.67
6987,-222.97,288.35,261.72,-294.73,-24.60,-11.29,266.94,8.09,0.44,-0.12,0.95,-9.91,-43.78
6988,-221.84,287.95,261.96,-295.58,-24.93,-11.94,266.83,8.12,0.46,-0.11,0.97,-10.77,-39.72
6989,-220.48,287.68,262.15,-296.68,-25.44,-12.67,266.75,8.17,0.52,-0.13,1.00,-11.23,-42.31
6990,-218.89,287.19,261.64,-297.84,-26.13,-13.35,266.39,8.02,0.51,-0.17,0.94,-10.09,-48.62
6991,-217.80,286.77,261.96,-298.93,-26.49,-14.08,266.36,8.00,0.49,-0.12,0.90,-14.34,-45.85
6992,-216.76,286.39,262.18,-299.67,-26.78,-14.67,266.25,8.03,0.49,-0.11,0.90,-8.49,-40.05
6993,-215.46,285.92,262.22,-300.15,-27.10,-15.25,265.94,8.13,0.55,-0.09,0.94,-2.45,-41.29
6994,-214.13,285.35,261.71,-300.80,-27.58,-15.76,265.50,8.03,0.58,-0.14,0.92,8.10,-41.84
6995,-213.31,284.89,262.23,-302.17,-27.88,-16.55,265.65,7.91,0.51,-0.12,0.84,-8.31,-37.62
6996,-211.77,284.39,262.60,-302.99,-28.25,-17.36,265.44,8.06,0.60,-0.14,0.88,-7.10,-38.35
6997,-210.40,283.76,262.74,-303.94,-28.64,-18.13,265.21,8.04,0.63,-0.14,0.89,-6.71,-40.18
6998,-208.86,283.01,262.73,-304.78,-29.05,-18.91,264.84,8.02,0.67,-0.13,0.88,-4.50,-44.88
6999,-207.69,282.38,262.79,-305.34,-29.31,-19.51,264.55,8.03,0.65,-0.10,0.88,0.07,-44.21
7000,-206.57,281.65,262.44,-306.13,-29.69,-20.09,264.20,7.85,0.57,-0.11,0.79,1.63,-44.87
7001,-205.76,280.83,262.82,-306.44,-29.67,-20.67,263.96,7.86,0.55,-0.10,0.75,4.37,-27.25
7002,-204.78,280.07,263.63,-306.59,-29.56,-21.34,263.77,8.08,0.66,-0.07,0.84,5.89,-20.78
7003,-203.83,279.31,263.66,-307.33,-29.79,-21.96,263.53,7.95,0.65,-0.09,0.82,6.95,-26.58
7004,-202.90,278.52,263.97,-307.66,-29.83,-22.55,263.26,7.98,0.69,-0.09,0.83,12.06,-24.05
7005,-202.01,277.80,264.61,-308.54,-29.93,-23.33,263.24,7.96,0.69,-0.06,0.82,2.19,-29.04
7006,-201.47,276.93,265.43,-309.10,-29.78,-24.03,263.23,7.95,0.67,-0.04,0.81,-0.52,-21.42
7007,-201.15,276.15,266.38,-309.79,-29.61,-24.72,263.37,7.90,0.63,-0.05,0.77,-2.54,-11.21
7008,-200.95,275.51,267.93,-310.35,-29.24,-25.46,263.69,8.03,0.69,-0.03,0.83,-5.03,-0.88
7009,-200.86,275.33,269.42,-311.66,-29.18,-26.22,264.32,8.06,0.72,-0.05,0.87,-9.19,-6.89
7010,-200.37,275.12,270.23,-313.04,-29.39,-26.94,264.69,7.98,0.74,-0.08,0.85,-6.66,-19.96
7011,-199.27,274.75,270.60,-314.07,-29.74,-27.66,264.67,8.00,0.76,-0.12,0.85,-4.85,-30.88
7012,-198.77,274.28,271.05,-315.49,-29.99,-28.37,264.90,7.77,0.65,-0.13,0.73,-7.75,-28.80
7013,-198.00,273.91,272.09,-316.32,-30.04,-29.13,265.08,7.92,0.67,-0.11,0.75,-10.31,-24.18
7014,-197.54,273.23,272.91,-316.98,-29.94,-29.78,265.16,7.90,0.68,-0.10,0.74,-5.69,-15.76
7015,-196.85,272.78,273.44,-317.46,-29.99,-30.32,265.13,7.98,0.72,-0.10,0.78,1.92,-17.21
7016,-196.10,272.21,273.73,-318.18,-30.14,-30.90,265.05,7.91,0.73,-0.12,0.77,4.82,-20.82
7017,-195.28,271.59,274.06,-318.89,-30.29,-31.52,264.95,7.87,0.74,-0.13,0.74,6.93,-21.70
7018,-194.75,270.93,274.71,-319.71,-30.30,-32.19,265.02,7.79,0.70,-0.12,0.68,2.91,-15.73
7019,-194.00,270.33,275.39,-320.10,-30.26,-32.79,264.95,7.90,0.73,-0.13,0.71,4.24,-11.07
7020,-193.14,269.71,275.86,-320.78,-30.37,-33.45,264.87,7.91,0.76,-0.13,0.73,2.29,-15.75
7021,-192.48,269.06,276.30,-321.24,-30.38,-34.00,264.77,7.91,0.76,-0.11,0.74,4.79,-17.16
7022,-191.83,268.57,276.89,-322.06,-30.48,-34.64,264.84,7.89,0.75,-0.09,0.73,0.49,-23.56
7023,-191.33,267.76,277.31,-322.50,-30.41,-35.18,264.72,7.81,0.73,-0.10,0.69,5.45,-14.37
7024,-190.57,267.25,278.17,-323.33,-30.46,-35.92,264.83,7.88,0.76,-0.12,0.70,-1.68,-14.81
7025,-189.59,266.72,278.76,-324.29,-30.67,-36.69,264.84,7.90,0.80,-0.13,0.72,-7.12,-22.43
7026,-188.74,266.06,279.59,-325.63,-30.84,-37.60,265.00,7.82,0.78,-0.12,0.68,-16.95,-26.37
7027,-187.98,265.42,280.63,-326.78,-30.90,-38.50,265.20,7.82,0.77,-0.12,0.67,-22.92,-21.85
7028,-187.08,264.88,281.30,-327.82,-31.08,-39.29,265.27,7.82,0.76,-0.14,0.66,-21.27,-22.98
7029,-186.25,264.19,282.12,-328.81,-31.16,-40.12,265.34,7.82,0.77,-0.13,0.65,-21.72,-21.24
7030,-185.57,263.50,282.85,-329.73,-31.20,-40.88,265.41,7.76,0.76,-0.15,0.62,-18.34,-14.29
7031,-185.09,262.78,283.77,-330.15,-31.02,-41.51,265.45,7.83,0.77,-0.14,0.64,-13.00,-3.69
7032,-184.61,262.00,284.57,-330.84,-30.91,-42.20,265.50,7.78,0.77,-0.16,0.62,-11.64,2.82
7033,-184.09,261.15,285.59,-331.33,-30.70,-42.92,265.54,7.83,0.79,-0.16,0.64,-14.34,9.97
7034,-183.61,260.25,286.30,-331.68,-30.50,-43.53,265.46,7.82,0.78,-0.17,0.64,-12.60,14.33
7035,-183.36,259.45,287.02,-331.78,-30.21,-44.00,265.40,7.83,0.78,-0.16,0.65,-5.70,19.50
7036,-183.36,258.54,287.80,-332.02,-29.85,-44.48,265.43,7.74,0.71,-0.16,0.61,-5.75,28.96
7037,-183.56,257.87,289.20,-332.04,-29.29,-44.95,265.67,7.87,0.72,-0.15,0.65,-8.02,41.24
7038,-183.88,256.88,290.15,-331.57,-28.61,-45.24,265.62,7.89,0.76,-0.14,0.68,1.55,53.75
7039,-184.48,256.25,291.08,-331.19,-27.97,-45.39,265.75,7.91,0.73,-0.14,0.71,6.52,58.56
7040,-185.04,255.68,291.85,-330.66,-27.36,-45.45,265.81,7.96,0.73,-0.15,0.74,12.56,63.11
7041,-185.45,255.28,292.83,-330.81,-26.95,-45.73,266.09,7.96,0.72,-0.16,0.76,2.73,56.98
7042,-186.08,254.78,293.75,-331.15,-26.52,-46.01,266.44,7.82,0.66,-0.18,0.70,-2.92,59.29
7043,-187.39,254.16,294.94,-330.47,-25.57,-45.96,266.74,7.81,0.57,-0.15,0.67,4.02,82.96
7044,-188.98,253.40,296.07,-328.60,-24.24,-45.57,266.76,7.97,0.57,-0.15,0.73,21.63,116.60
7045,-190.29,252.91,296.60,-326.26,-23.07,-44.92,266.52,8.24,0.66,-0.16,0.89,43.20,125.01
7046,-191.36,252.76,297.02,-325.89,-22.57,-44.70,266.76,8.13,0.65,-0.17,0.92,31.68,99.60
7047,-192.81,252.75,297.77,-325.62,-21.95,-44.46,267.24,8.02,0.53,-0.15,0.88,16.54,92.00
7048,-194.88,252.74,298.42,-324.00,-20.86,-43.70,267.51,8.07,0.46,-0.12,0.88,29.74,109.37
7049,-197.11,253.01,300.50,-323.79,-19.80,-43.54,268.60,8.15,0.48,-0.12,0.92,13.40,118.81
7050,-199.40,253.38,300.52,-322.43,-18.97,-42.54,268.93,8.02,0.35,-0.21,0.88,28.63,134.69
7051,-201.94,253.42,300.50,-318.80,-17.44,-40.98,268.67,8.30,0.37,-0.14,0.99,72.28,153.40
7052,-204.28,253.47,300.84,-316.71,-16.27,-39.95,268.82,8.33,0.37,-0.11,1.07,67.66,150.39
7053,-206.36,253.98,301.27,-315.37,-15.43,-39.08,269.25,8.38,0.34,-0.11,1.13,52.76,133.67
7054,-208.78,254.48,301.71,-314.19,-14.54,-38.16,269.79,8.31,0.28,-0.10,1.12,43.06,130.40
7055,-211.04,255.05,300.98,-312.08,-13.78,-36.74,269.79,8.23,0.19,-0.10,1.08,57.46,124.54
7056,-212.83,255.22,299.65,-308.65,-12.85,-35.06,269.09,8.35,0.18,-0.07,1.12,82.70,125.76
7057,-214.10,255.26,298.21,-305.94,-12.22,-33.69,268.38,8.36,0.20,-0.09,1.14,85.20,117.73
7058,-215.88,255.49,297.90,-304.14,-11.46,-32.67,268.35,8.34,0.15,0.01,1.14,62.46,105.69
7059,-217.94,256.48,297.94,-303.03,-10.91,-31.64,268.85,8.36,0.07,0.07,1.15,43.20,87.54
7060,-220.10,257.04,296.10,-300.33,-10.29,-29.82,268.39,8.18,-0.05,0.10,1.07,62.14,82.56
7061,-222.13,257.55,294.64,-297.16,-9.49,-28.03,267.87,8.22,-0.06,0.08,1.05,80.48,95.59
7062,-223.59,258.51,295.61,-297.01,-9.08,-27.63,268.68,8.38,0.02,0.04,1.11,33.90,89.67
7063,-225.80,258.57,295.87,-295.68,-8.15,-26.79,268.98,8.24,-0.08,0.12,1.08,11.16,97.44
7064,-228.59,258.57,296.07,-292.93,-6.71,-25.46,269.04,8.28,-0.14,0.15,1.08,23.93,129.95
7065,-231.26,259.85,295.91,-291.44,-6.03,-24.06,269.61,8.26,-0.22,0.19,1.07,28.29,105.78
7066,-234.00,260.61,295.82,-289.33,-5.03,-22.64,269.94,8.28,-0.23,0.18,1.07,37.45,116.88
7067,-236.59,261.59,295.61,-287.69,-4.27,-21.28,270.37,8.23,-0.25,0.18,1.05,36.16,110.58
7068,-238.85,262.54,295.01,-285.79,-3.62,-19.85,270.55,8.23,-0.26,0.17,1.03,41.49,103.97
7069,-241.24,263.54,294.17,-283.71,-2.96,-18.27,270.66,8.19,-0.29,0.18,1.01,48.65,99.33
7070,-243.87,264.66,293.15,-281.41,-2.26,-16.51,270.77,8.13,-0.36,0.24,0.97,53.68,91.88
7071,-246.58,265.92,292.43,-279.31,-1.55,-14.81,271.06,8.11,-0.41,0.25,0.94,51.57,92.25
7072,-249.18,266.92,292.06,-277.12,-0.70,-13.27,271.32,8.17,-0.39,0.27,0.95,52.78,99.50
7073,-251.24,268.09,291.64,-275.83,-0.26,-12.04,271.70,8.16,-0.38,0.24,0.95,38.88,89.12
7074,-253.21,269.27,291.15,-274.97,0.03,-10.91,272.15,8.06,-0.41,0.20,0.90,19.11,79.04
7075,-256.09,270.25,290.57,-273.20,0.80,-9.36,272.53,7.88,-0.48,0.25,0.78,16.52,85.89
7076,-259.64,271.31,290.15,-269.97,2.13,-7.29,272.77,7.96,-0.54,0.37,0.77,46.21,105.03
7077,-261.90,273.03,289.39,-266.98,2.82,-5.36,272.82,8.38,-0.48,0.33,0.97,82.34,108.86
7078,-263.68,274.21,288.55,-266.48,2.88,-4.29,273.23,8.15,-0.46,0.27,0.95,48.79,80.81
7079,-266.27,275.29,287.55,-265.37,3.29,-2.84,273.62,7.80,-0.52,0.24,0.77,26.93,78.55
7080,-268.82,276.36,286.69,-262.92,4.06,-1.11,273.70,7.83,-0.57,0.32,0.69,31.15,82.87
7081,-269.69,277.44,286.01,-261.62,4.16,-0.12,273.69,8.03,-0.55,0.29,0.75,11.75,67.01
7082,-270.36,278.15,284.89,-261.13,4.00,0.62,273.63,7.89,-0.56,0.24,0.71,-20.62,48.05
7083,-271.02,278.82,283.90,-259.82,4.07,1.53,273.39,7.97,-0.58,0.26,0.73,-24.03,46.46
7084,-271.33,279.32,282.73,-258.96,3.94,2.24,273.09,7.94,-0.60,0.26,0.73,-38.76,36.14
7085,-271.22,279.65,282.35,-258.84,3.77,2.42,273.01,7.98,-0.61,0.27,0.74,-70.75,27.76
7086,-270.98,280.05,280.96,-258.43,3.37,2.91,272.61,7.90,-0.63,0.25,0.71,-78.69,15.63
7087,-270.68,280.24,279.12,-257.36,3.05,3.61,271.85,7.83,-0.64,0.22,0.66,-76.47,15.63
7088,-269.55,280.59,277.50,-256.76,2.42,3.97,271.10,7.95,-0.63,0.17,0.69,-85.04,6.58
7089,-268.57,280.81,275.61,-255.92,1.86,4.46,270.23,7.98,-0.65,0.16,0.73,-82.63,3.70
7090,-267.40,281.19,273.86,-255.15,1.23,4.89,269.40,8.13,-0.65,0.16,0.81,-75.09,-1.59
7091,-266.44,281.65,272.41,-255.25,0.49,5.11,268.94,8.09,-0.67,0.19,0.84,-86.60,-15.73
7092,-265.83,282.47,270.60,-254.93,-0.24,5.69,268.46,8.08,-0.69,0.20,0.85,-75.62,-23.02
7093,-265.13,283.61,268.72,-255.10,-1.22,6.23,268.14,8.02,-0.67,0.12,0.82,-73.05,-27.22
7094,-264.34,284.75,266.26,-255.35,-2.37,6.87,267.67,7.83,-0.64,0.02,0.71,-75.42,-29.22
7095,-263.16,285.96,263.85,-255.26,-3.55,7.50,267.06,7.85,-0.63,-0.05,0.67,-75.75,-26.35
7096,-261.56,286.80,262.02,-255.14,-4.59,7.80,266.38,8.03,-0.62,-0.06,0.74,-81.34,-24.99
7097,-259.57,287.56,260.38,-255.37,-5.75,7.85,265.72,8.25,-0.57,-0.07,0.88,-79.24,-31.60
7098,-257.53,288.60,258.51,-256.22,-7.19,7.85,265.21,8.34,-0.58,-0.09,0.99,-82.28,-51.03
7099,-256.03,289.68,255.76,-256.86,-8.69,8.27,264.58,8.14,-0.58,-0.12,0.95,-70.69,-59.44
7100,-254.34,290.93,253.09,-257.37,-10.22,8.70,263.93,8.08,-0.57,-0.11,0.90,-65.74,-71.02
7101,-253.05,292.35,250.43,-257.74,-11.65,9.31,263.39,8.00,-0.55,-0.10,0.83,-55.95,-74.48
7102,-251.50,294.00,247.14,-257.93,-13.32,10.11,262.64,7.93,-0.53,-0.17,0.76,-41.13,-75.15
7103,-249.32,295.75,244.19,-258.38,-15.15,10.63,261.91,8.06,-0.52,-0.27,0.79,-38.80,-76.16
7104,-247.27,297.15,242.11,-259.24,-16.75,10.77,261.44,8.19,-0.51,-0.26,0.87,-51.89,-79.47
7105,-245.56,298.65,239.72,-259.67,-18.26,11.20,260.90,8.29,-0.50,-0.24,0.96,-40.24,-82.53
7106,-243.78,300.23,236.32,-259.62,-19.94,12.02,259.99,8.29,-0.49,-0.30,1.01,-13.49,-84.24
7107,-241.76,301.60,233.32,-260.14,-21.66,12.48,259.20,8.25,-0.43,-0.32,1.01,-10.37,-91.04
7108,-239.86,303.13,230.12,-260.54,-23.42,13.08,258.41,8.21,-0.38,-0.34,0.99,1.43,-93.83
7109,-237.90,304.75,226.80,-260.82,-25.22,13.76,257.57,8.21,-0.33,-0.36,0.98,17.11,-97.82
7110,-235.65,306.48,223.94,-261.24,-27.03,14.24,256.83,8.38,-0.24,-0.42,1.06,29.02,-99.27
7111,-233.64,307.87,221.92,-262.74,-28.76,14.21,256.54,8.35,-0.18,-0.42,1.09,9.60,-102.32
7112,-232.61,309.73,219.11,-263.74,-30.43,14.87,256.30,8.12,-0.22,-0.33,0.98,21.05,-111.60
7113,-231.43,311.06,216.60,-263.86,-31.73,15.51,255.74,8.09,-0.20,-0.27,0.92,32.69,-101.52
7114,-230.95,312.63,214.70,-263.79,-32.69,16.27,255.52,8.15,-0.20,-0.23,0.91,45.38,-84.95
7115,-229.85,314.28,213.35,-263.85,-33.73,16.73,255.33,8.48,-0.08,-0.26,1.07,61.81,-79.66
7116,-229.25,315.53,211.31,-264.19,-34.79,17.32,255.07,8.35,-0.04,-0.27,1.09,71.77,-76.79
7117,-229.08,316.67,209.40,-263.88,-35.52,18.12,254.76,8.28,-0.03,-0.25,1.06,86.72,-63.49
7118,-228.83,317.93,208.01,-264.72,-36.45,18.51,254.87,8.10,-0.06,-0.22,0.95,68.70,-67.73
7119,-227.69,319.13,207.98,-266.72,-37.54,18.03,255.38,8.17,0.02,-0.27,0.94,32.42,-69.66
7120,-225.99,320.08,207.20,-267.63,-38.63,17.81,255.22,8.42,0.10,-0.31,1.05,33.12,-75.56
7121,-224.25,320.17,205.69,-267.82,-39.51,17.73,254.48,8.45,0.24,-0.31,1.12,54.47,-74.65
7122,-222.24,320.08,204.70,-270.03,-40.79,16.90,254.26,8.13,0.14,-0.27,1.00,3.73,-94.48
7123,-219.57,320.16,204.80,-272.77,-42.14,15.54,254.33,8.16,0.14,-0.28,0.95,-41.50,-105.57
7124,-217.14,319.75,204.68,-274.70,-43.16,14.38,254.07,8.15,0.22,-0.32,0.92,-41.96,-89.24
7125,-214.53,319.08,205.22,-275.89,-43.80,13.12,253.68,8.47,0.31,-0.29,1.07,-45.85,-81.15
7126,-211.79,318.52,205.34,-278.72,-45.03,11.56,253.59,8.34,0.33,-0.33,1.07,-68.75,-96.61
7127,-209.27,317.72,206.04,-281.87,-46.07,9.77,253.72,8.15,0.32,-0.38,0.98,-92.92,-87.31
7128,-207.07,316.98,206.93,-284.34,-46.83,8.19,253.83,8.13,0.32,-0.40,0.93,-94.11,-68.09
7129,-205.13,316.14,207.33,-285.96,-47.41,6.99,253.64,8.09,0.35,-0.45,0.88,-72.97,-44.82
7130,-203.64,315.43,208.61,-287.78,-47.74,5.67,253.87,8.15,0.36,-0.44,0.89,-72.51,-27.49
7131,-201.80,314.53,209.67,-289.55,-48.15,4.28,253.89,8.21,0.38,-0.46,0.92,-75.47,-22.19
7132,-199.91,313.24,210.20,-291.41,-48.63,2.89,253.69,8.03,0.37,-0.44,0.84,-77.43,-21.40
7133,-198.30,312.07,210.86,-292.29,-48.80,1.81,253.38,8.09,0.35,-0.42,0.83,-67.22,-8.37
7134,-197.58,310.91,212.52,-293.47,-48.57,0.63,253.62,8.09,0.32,-0.35,0.83,-71.69,7.96
7135,-197.21,310.05,213.24,-293.74,-48.33,0.07,253.56,8.09,0.30,-0.34,0.83,-44.15,21.09
7136,-197.06,309.35,214.45,-294.26,-48.02,-0.58,253.78,8.12,0.32,-0.34,0.84,-31.69,30.96
7137,-196.72,309.03,214.90,-294.60,-48.00,-0.94,253.81,8.15,0.33,-0.41,0.86,-12.85,32.36
7138,-196.32,308.60,215.73,-295.92,-48.12,-1.68,254.14,8.02,0.33,-0.46,0.81,-21.63,32.70
7139,-195.98,308.30,215.85,-296.10,-48.14,-1.92,254.06,8.02,0.31,-0.49,0.78,-5.28,40.05
7140,-195.73,307.94,216.60,-296.30,-47.98,-2.31,254.14,8.13,0.30,-0.49,0.82,-5.81,46.86
7141,-195.89,307.54,217.57,-296.75,-47.70,-2.72,254.44,8.12,0.29,-0.47,0.83,-9.35,52.84
7142,-196.83,307.34,218.08,-296.16,-47.15,-2.52,254.60,8.11,0.22,-0.42,0.84,10.15,67.34
7143,-198.05,307.31,219.14,-295.31,-46.36,-2.27,254.95,8.27,0.21,-0.37,0.92,24.37,76.56
7144,-199.11,307.55,219.69,-294.31,-45.76,-1.83,255.16,8.45,0.27,-0.41,1.05,48.90,75.73
7145,-200.94,308.01,219.96,-293.89,-45.25,-1.22,255.70,8.28,0.21,-0.39,1.03,59.82,72.68
7146,-203.47,308.83,220.23,-292.26,-44.35,-0.05,256.20,8.33,0.14,-0.31,1.04,89.09,81.44
7147,-206.48,310.07,220.58,-291.31,-43.58,1.16,257.11,8.21,0.06,-0.30,0.99,99.74,86.49
7148,-209.46,311.29,221.25,-290.49,-42.77,2.26,258.12,8.15,0.00,-0.32,0.93,97.53,99.40
7149,-212.41,312.54,222.01,-288.95,-41.77,3.50,258.97,8.30,0.01,-0.36,0.98,112.07,116.49
7150,-214.94,313.58,223.01,-287.84,-40.87,4.42,259.84,8.45,0.05,-0.38,1.07,110.18,117.24
7151,-217.20,314.47,223.37,-286.84,-40.19,5.36,260.47,8.45,0.05,-0.37,1.12,109.18,105.08
7152,-219.19,315.36,223.54,-286.38,-39.75,6.16,261.12,8.33,0.02,-0.38,1.09,97.97,92.74
7153,-221.22,316.27,224.07,-285.83,-39.20,6.90,261.85,8.32,-0.02,-0.32,1.06,85.44,83.70
7154,-223.49,317.19,224.49,-284.95,-38.54,7.81,262.53,8.31,-0.10,-0.23,1.04,79.27,76.73
7155,-225.96,318.00,224.91,-283.97,-37.78,8.77,263.21,8.24,-0.16,-0.18,1.00,75.93,78.15
7156,-228.30,318.78,225.04,-282.36,-36.95,9.92,263.62,8.29,-0.21,-0.16,1.00,82.72,83.08
7157,-230.60,319.51,225.22,-280.71,-36.10,11.04,264.01,8.35,-0.24,-0.13,1.04,86.68,84.11
7158,-233.01,320.23,225.84,-279.72,-35.28,11.92,264.70,8.33,-0.26,-0.09,1.04,75.12,80.33
7159,-235.38,320.94,226.52,-278.58,-34.40,12.80,265.35,8.38,-0.29,-0.03,1.06,70.33,75.41
7160,-237.94,321.79,227.10,-277.38,-33.53,13.81,266.05,8.39,-0.32,0.02,1.08,72.36,70.70
7161,-240.68,322.59,227.32,-276.22,-32.70,14.93,266.70,8.25,-0.38,0.05,1.02,71.63,66.98
7162,-243.37,323.61,227.67,-274.56,-31.78,16.19,267.30,8.33,-0.39,0.06,1.03,82.96,71.86
7163,-245.32,324.49,227.82,-273.33,-31.17,17.16,267.74,8.42,-0.34,0.05,1.08,87.34,61.50
7164,-247.36,325.30,227.89,-272.67,-30.68,18.02,268.30,8.29,-0.36,0.10,1.04,75.30,41.97
7165,-249.30,326.07,228.13,-271.98,-30.16,18.82,268.87,8.23,-0.39,0.14,0.99,62.36,31.00
7166,-251.28,326.83,228.58,-271.21,-29.55,19.58,269.47,8.23,-0.41,0.18,0.96,54.31,27.06
7167,-253.33,327.63,228.89,-269.92,-28.83,20.54,269.94,8.32,-0.42,0.24,0.99,65.52,25.67
7168,-255.07,328.55,229.57,-269.45,-28.34,21.15,270.66,8.40,-0.38,0.28,1.05,63.54,15.24
7169,-256.95,329.46,229.80,-269.26,-27.99,21.84,271.37,8.26,-0.39,0.29,1.00,57.94,1.34
7170,-258.39,330.61,230.00,-269.30,-27.88,22.43,272.07,8.23,-0.39,0.25,0.97,51.21,-11.05
7171,-260.12,331.52,230.16,-268.74,-27.50,23.18,272.63,8.21,-0.40,0.29,0.94,56.46,-12.50
7172,-261.23,332.17,230.62,-268.64,-27.24,23.54,273.16,8.23,-0.37,0.32,0.93,45.23,-22.95
7173,-262.13,332.77,230.55,-268.50,-27.15,23.96,273.49,8.17,-0.36,0.32,0.90,41.37,-33.92
7174,-263.20,333.31,230.48,-268.02,-26.91,24.50,273.75,8.14,-0.36,0.33,0.87,43.43,-35.67
7175,-263.86,333.53,230.35,-267.73,-26.76,24.83,273.87,8.07,-0.33,0.30,0.82,37.03,-36.95
7176,-264.08,333.45,230.73,-267.38,-26.50,24.85,273.91,8.18,-0.30,0.35,0.85,26.31,-40.67
7177,-263.65,333.40,230.98,-267.59,-26.59,24.62,273.91,8.29,-0.27,0.36,0.91,12.18,-55.34
7178,-263.10,333.15,231.32,-268.22,-26.74,24.18,273.95,8.29,-0.24,0.39,0.95,-3.44,-70.79
7179,-263.16,332.66,231.60,-269.11,-26.75,23.78,274.13,8.00,-0.31,0.37,0.82,-31.51,-72.88
7180,-262.16,332.42,232.07,-269.53,-26.93,23.24,274.04,8.20,-0.27,0.37,0.85,-34.10,-80.43
7181,-262.09,332.09,232.44,-269.00,-26.64,23.19,273.91,8.36,-0.26,0.47,0.95,-9.62,-71.74
7182,-261.92,331.58,232.21,-268.89,-26.58,23.10,273.65,8.25,-0.25,0.44,0.94,-1.28,-70.23
7183,-260.96,330.89,232.70,-269.48,-26.68,22.42,273.51,8.29,-0.19,0.39,0.96,-17.63,-70.77
7184,-260.05,330.19,233.44,-270.18,-26.72,21.65,273.46,8.35,-0.13,0.36,1.00,-26.68,-66.87
7185,-259.09,329.44,234.12,-271.16,-26.85,20.81,273.45,8.33,-0.11,0.35,1.01,-36.09,-71.31
7186,-257.58,328.56,234.92,-272.67,-27.18,19.64,273.44,8.31,-0.08,0.30,1.00,-57.80,-78.37
7187,-255.55,327.58,235.94,-274.40,-27.62,18.20,273.37,8.39,-0.03,0.27,1.04,-75.86,-84.03
7188,-252.06,326.83,236.50,-276.74,-28.75,16.42,273.03,8.63,0.08,0.21,1.18,-92.23,-114.08
7189,-248.51,325.78,237.26,-280.86,-30.22,14.04,273.10,8.42,0.07,0.19,1.14,-143.79,-152.13
7190,-245.39,324.51,238.54,-284.44,-31.26,11.73,273.22,8.31,0.02,0.19,1.06,-176.34,-156.10
7191,-242.92,323.50,238.92,-285.91,-31.89,10.40,272.81,8.40,0.04,0.18,1.07,-138.61,-135.49
7192,-240.44,322.53,239.74,-287.86,-32.55,8.84,272.64,8.49,0.10,0.16,1.12,-124.74,-123.34
7193,-237.47,321.60,240.68,-291.01,-33.62,6.85,272.69,8.45,0.20,0.07,1.12,-132.53,-128.18
7194,-234.44,320.56,241.30,-294.28,-34.78,4.86,272.64,8.29,0.22,-0.01,1.04,-140.36,-131.58
7195,-231.82,319.48,242.07,-296.56,-35.54,3.17,272.48,8.29,0.25,-0.03,1.01,-128.57,-117.00
7196,-229.73,318.48,242.71,-298.27,-36.08,1.81,272.30,8.30,0.28,-0.04,0.99,-105.43,-100.33
7197,-227.84,317.62,243.44,-299.76,-36.53,0.56,272.16,8.36,0.31,-0.04,1.01,-87.18,-88.43
7198,-225.50,316.91,244.10,-302.00,-37.33,-0.92,272.13,8.38,0.38,-0.09,1.03,-84.86,-93.26
7199,-223.51,315.97,244.57,-304.76,-38.16,-2.46,272.20,8.06,0.36,-0.16,0.88,-88.11,-88.29
7200,-221.43,315.05,245.39,-306.52,-38.68,-3.86,272.10,8.12,0.41,-0.22,0.84,-75.93,-65.95
7201,-219.38,313.96,246.36,-307.95,-39.04,-5.24,271.91,8.25,0.46,-0.27,0.88,-73.30,-47.95
7202,-216.86,312.73,247.16,-310.40,-39.78,-6.99,271.79,8.16,0.50,-0.32,0.85,-87.47,-52.11
7203,-214.24,311.49,247.94,-311.90,-40.30,-8.53,271.39,8.32,0.56,-0.32,0.92,-85.55,-54.05
7204,-212.15,310.13,248.56,-314.17,-40.90,-10.11,271.25,8.09,0.50,-0.29,0.84,-92.63,-56.66
7205,-210.49,308.82,249.29,-315.42,-41.11,-11.35,271.00,8.05,0.48,-0.29,0.78,-77.31,-36.05
7206,-209.04,307.77,250.16,-316.18,-41.19,-12.38,270.79,8.18,0.50,-0.29,0.81,-61.62,-23.06
7207,-207.70,306.75,250.73,-316.84,-41.29,-13.28,270.51,8.24,0.55,-0.32,0.86,-45.51,-14.30
7208,-206.38,305.71,251.41,-317.97,-41.47,-14.32,270.37,8.19,0.56,-0.33,0.86,-46.08,-14.70
7209,-205.10,304.66,251.98,-319.58,-41.79,-15.45,270.33,7.99,0.52,-0.34,0.76,-49.61,-14.40
7210,-204.10,303.73,252.74,-319.74,-41.66,-16.16,270.08,8.16,0.55,-0.35,0.79,-31.69,3.09
7211,-203.27,302.78,253.68,-320.82,-41.66,-17.11,270.14,8.09,0.52,-0.35,0.77,-39.69,8.55
7212,-202.43,301.85,254.00,-321.11,-41.63,-17.71,269.85,8.08,0.53,-0.39,0.76,-23.98,18.69
7213,-201.19,300.92,255.03,-321.90,-41.65,-18.70,269.76,8.22,0.57,-0.41,0.82,-37.86,17.18
7214,-200.28,299.74,255.47,-322.83,-41.70,-19.57,269.58,8.02,0.53,-0.41,0.75,-39.85,19.12
7215,-200.02,298.60,256.45,-322.88,-41.25,-20.18,269.49,8.04,0.47,-0.34,0.72,-33.66,37.18
7216,-200.25,297.62,257.72,-322.27,-40.48,-20.53,269.46,8.20,0.48,-0.31,0.79,-18.89,56.79
7217,-200.10,297.05,258.65,-321.62,-39.98,-20.78,269.36,8.49,0.59,-0.32,0.97,-2.98,50.58
7218,-199.72,296.65,259.09,-322.43,-40.07,-21.29,269.47,8.40,0.63,-0.35,1.01,-7.81,24.15
7219,-199.58,296.29,259.03,-323.47,-40.29,-21.66,269.59,8.07,0.56,-0.37,0.87,-3.30,13.25
7220,-199.68,296.19,259.29,-323.47,-40.17,-21.72,269.66,8.08,0.50,-0.36,0.80,9.81,24.20
7221,-199.56,296.17,259.73,-323.44,-40.08,-21.86,269.73,8.23,0.54,-0.41,0.84,16.53,29.67
7222,-199.10,296.07,260.01,-324.01,-40.25,-22.21,269.80,8.24,0.59,-0.45,0.87,10.18,21.63
7223,-198.35,295.97,259.92,-324.79,-40.62,-22.60,269.76,8.19,0.58,-0.46,0.85,4.11,7.16
7224,-197.74,295.71,259.95,-325.66,-40.92,-23.04,269.76,8.07,0.53,-0.41,0.79,-3.66,0.63
7225,-197.37,295.57,260.15,-325.98,-41.01,-23.30,269.77,8.09,0.47,-0.37,0.76,-2.68,4.99
7226,-197.08,295.52,260.57,-326.35,-41.06,-23.58,269.88,8.16,0.47,-0.36,0.79,-3.25,8.92
7227,-196.77,295.48,260.63,-326.51,-41.15,-23.72,269.85,8.21,0.51,-0.38,0.82,5.89,9.23
7228,-196.26,295.43,260.76,-327.08,-41.37,-24.04,269.89,8.21,0.53,-0.40,0.84,1.74,3.78
7229,-195.70,295.42,260.65,-327.71,-41.70,-24.31,269.87,8.17,0.52,-0.42,0.83,-0.21,-0.07
7230,-195.24,295.42,260.66,-328.20,-41.93,-24.55,269.88,8.16,0.49,-0.42,0.82,-1.89,1.45
7231,-194.83,295.30,260.72,-328.41,-42.04,-24.75,269.81,8.20,0.49,-0.40,0.83,0.31,3.31
7232,-194.60,295.22,260.73,-328.57,-42.11,-24.87,269.78,8.20,0.49,-0.39,0.83,3.98,6.11
7233,-194.21,295.24,260.92,-328.96,-42.27,-25.11,269.83,8.25,0.50,-0.39,0.86,0.54,3.78
7234,-193.83,295.21,260.69,-329.39,-42.52,-25.26,269.78,8.17,0.49,-0.40,0.84,2.86,1.05
7235,-193.57,295.18,260.72,-329.63,-42.63,-25.40,269.77,8.18,0.48,-0.39,0.83,3.40,4.31
7236,-193.32,295.19,260.77,-329.74,-42.71,-25.50,269.75,8.23,0.48,-0.39,0.85,4.88,5.39
7237,-193.04,295.18,260.71,-329.95,-42.84,-25.61,269.72,8.22,0.49,-0.39,0.86,6.79,4.23
7238,-192.92,295.16,260.52,-330.12,-42.96,-25.64,269.68,8.16,0.46,-0.38,0.83,8.55,6.06
7239,-192.95,295.06,260.85,-330.30,-42.89,-25.78,269.79,8.17,0.45,-0.36,0.82,5.53,12.62
7240,-193.07,295.07,260.93,-329.95,-42.75,-25.69,269.75,8.24,0.46,-0.35,0.85,15.44,17.24
7241,-193.19,295.04,260.88,-329.98,-42.74,-25.66,269.77,8.19,0.47,-0.36,0.84,18.37,18.01
7242,-193.46,294.98,261.00,-329.72,-42.56,-25.57,269.79,8.20,0.47,-0.35,0.84,23.59,23.00
7243,-193.89,294.93,261.09,-329.51,-42.36,-25.45,269.86,8.15,0.45,-0.35,0.81,25.50,30.41
7244,-194.24,294.94,261.29,-328.79,-42.05,-25.22,269.81,8.30,0.48,-0.36,0.87,32.88,36.89
7245,-194.49,294.91,261.37,-328.56,-41.90,-25.13,269.83,8.31,0.49,-0.37,0.91,29.54,32.84
7246,-194.87,294.93,261.16,-328.00,-41.72,-24.84,269.74,8.30,0.49,-0.34,0.92,37.45,28.07
7247,-195.65,295.20,261.00,-327.52,-41.52,-24.42,269.84,8.26,0.43,-0.31,0.90,43.48,26.50
7248,-197.58,295.96,260.68,-326.19,-40.97,-23.33,270.10,8.22,0.35,-0.24,0.88,73.59,36.27
7249,-199.19,296.94,260.75,-325.09,-40.52,-22.43,270.49,8.35,0.35,-0.20,0.93,83.31,32.35
7250,-200.35,296.68,261.43,-324.30,-39.80,-22.17,270.69,8.36,0.36,-0.22,0.96,58.02,51.43
7251,-201.67,296.97,261.30,-323.12,-39.28,-21.45,270.76,8.37,0.37,-0.26,0.98,69.63,56.77
7252,-203.26,297.51,260.92,-322.22,-38.89,-20.59,270.98,8.24,0.31,-0.29,0.92,76.14,59.42
7253,-205.12,298.12,261.35,-320.72,-38.09,-19.71,271.33,8.41,0.33,-0.24,0.98,85.76,67.53
7254,-206.90,297.84,262.11,-319.51,-37.08,-19.22,271.59,8.39,0.28,-0.16,0.99,63.93,75.43
7255,-209.34,297.96,262.63,-317.70,-35.92,-18.26,271.91,8.39,0.23,-0.11,1.00,72.85,87.21
7256,-212.14,298.15,263.32,-315.51,-34.55,-17.14,272.28,8.45,0.20,-0.07,1.04,86.02,102.57
7257,-215.14,298.74,264.21,-313.90,-33.32,-16.06,273.00,8.48,0.19,-0.10,1.07,91.50,111.79
7258,-217.49,298.86,265.33,-313.07,-32.28,-15.51,273.69,8.40,0.20,-0.15,1.05,72.73,116.20
7259,-219.63,299.05,266.47,-311.70,-31.16,-14.87,274.21,8.55,0.21,-0.14,1.11,66.04,115.65
7260,-221.96,299.17,267.14,-310.48,-30.14,-14.12,274.69,8.47,0.14,-0.11,1.10,60.47,110.63
7261,-223.68,299.16,268.08,-309.37,-29.19,-13.65,275.07,8.55,0.12,-0.08,1.13,44.56,102.73
7262,-225.07,299.21,269.11,-308.90,-28.48,-13.43,275.57,8.59,0.08,-0.08,1.17,20.74,88.56
7263,-226.99,299.47,270.09,-308.80,-27.80,-13.11,276.34,8.44,0.01,-0.10,1.11,6.00,86.82
7264,-228.48,298.96,271.04,-307.99,-26.85,-12.90,276.62,8.38,-0.07,-0.08,1.06,-15.73,96.24
7265,-229.48,298.75,271.52,-306.99,-26.18,-12.57,276.68,8.45,-0.12,-0.08,1.06,-20.56,89.11
7266,-230.64,298.28,271.94,-306.02,-25.43,-12.26,276.72,8.39,-0.14,-0.04,1.03,-25.55,84.31
7267,-232.60,298.52,272.06,-303.81,-24.42,-11.18,276.75,8.54,-0.15,-0.02,1.09,14.81,95.98
7268,-233.93,298.68,272.16,-302.94,-23.88,-10.62,276.93,8.49,-0.18,-0.02,1.10,4.56,80.01
7269,-235.07,299.14,272.59,-302.81,-23.57,-10.30,277.40,8.46,-0.21,-0.02,1.08,-15.16,61.62
7270,-236.27,299.44,272.83,-302.58,-23.23,-9.93,277.78,8.35,-0.23,-0.05,1.02,-23.98,60.34
7271,-237.26,299.95,272.55,-301.61,-22.94,-9.24,277.84,8.40,-0.25,-0.04,1.02,-13.79,53.15
7272,-237.99,300.40,272.61,-301.31,-22.78,-8.88,278.08,8.42,-0.26,-0.05,1.02,-24.76,45.21
7273,-238.48,300.88,272.52,-300.96,-22.71,-8.53,278.21,8.49,-0.27,-0.03,1.06,-29.03,32.81
7274,-239.04,301.57,271.92,-300.82,-22.86,-8.04,278.34,8.41,-0.29,-0.05,1.04,-28.24,20.95
7275,-239.54,302.30,271.20,-300.48,-23.01,-7.46,278.38,8.37,-0.29,-0.05,1.00,-22.77,13.35
7276,-239.89,303.08,270.39,-300.19,-23.25,-6.90,278.39,8.35,-0.31,-0.07,0.98,-24.89,7.50
7277,-239.92,303.88,269.55,-300.01,-23.60,-6.44,278.34,8.38,-0.30,-0.13,0.98,-24.69,7.51
7278,-240.07,304.37,268.80,-299.58,-23.77,-5.98,278.20,8.38,-0.29,-0.13,0.98,-25.01,11.87
7279,-239.95,305.03,268.38,-299.14,-23.96,-5.64,278.12,8.58,-0.28,-0.09,1.08,-24.67,5.58
7280,-240.14,305.69,267.52,-299.28,-24.33,-5.24,278.16,8.45,-0.29,-0.10,1.06,-28.31,-2.22
7281,-240.53,306.50,266.46,-299.15,-24.67,-4.65,278.16,8.32,-0.32,-0.12,0.99,-26.03,-2.04
7282,-240.92,307.39,265.55,-298.42,-24.83,-3.91,278.07,8.40,-0.33,-0.11,0.99,-13.84,3.66
7283,-241.18,308.25,264.68,-298.02,-25.10,-3.32,278.03,8.43,-0.31,-0.15,1.01,-10.24,7.55
7284,-241.32,308.99,263.62,-297.71,-25.44,-2.76,277.91,8.39,-0.30,-0.19,1.00,-9.44,10.24
7285,-241.33,309.59,262.76,-297.44,-25.74,-2.32,277.78,8.40,-0.29,-0.19,0.99,-13.79,10.47
7286,-241.41,310.22,261.95,-297.15,-26.00,-1.87,277.68,8.40,-0.31,-0.16,0.99,-19.01,5.57
7287,-241.62,310.81,261.38,-296.96,-26.19,-1.48,277.69,8.40,-0.30,-0.13,0.99,-23.08,5.22
7288,-241.86,311.50,260.76,-296.79,-26.42,-1.05,277.73,8.40,-0.30,-0.14,0.99,-22.14,5.47
7289,-241.95,312.29,260.06,-297.01,-26.82,-0.70,277.83,8.35,-0.31,-0.17,0.96,-28.89,3.43
7290,-242.12,313.05,259.27,-297.02,-27.17,-0.28,277.86,8.29,-0.32,-0.20,0.92,-29.62,7.02
7291,-242.08,313.92,258.89,-297.36,-27.58,-0.06,278.06,8.34,-0.31,-0.24,0.93,-35.87,9.43
7292,-241.74,314.61,258.99,-298.38,-28.07,-0.25,278.43,8.37,-0.28,-0.26,0.94,-56.15,6.23
7293,-241.39,315.28,259.38,-300.00,-28.62,-0.68,279.01,8.32,-0.29,-0.30,0.92,-83.43,5.03
7294,-241.46,315.78,261.86,-302.33,-28.70,-1.74,280.36,8.46,-0.31,-0.15,0.98,-130.92,-1.93
7295,-241.70,316.81,261.89,-303.44,-29.17,-1.70,280.96,8.39,-0.33,-0.25,0.98,-103.47,4.24
7296,-242.30,317.71,261.38,-303.86,-29.47,-1.31,281.31,8.23,-0.40,-0.23,0.90,-85.11,6.60
7297,-242.67,318.74,260.01,-303.03,-29.77,-0.41,281.11,8.26,-0.39,-0.27,0.87,-41.50,15.25
7298,-242.88,319.89,259.23,-302.87,-30.16,0.17,281.22,8.34,-0.37,-0.32,0.90,-30.63,19.40
7299,-242.84,320.92,258.87,-303.67,-30.72,0.30,281.58,8.32,-0.36,-0.39,0.90,-45.21,19.67
7300,-242.83,321.85,258.93,-304.83,-31.23,0.23,282.11,8.28,-0.38,-0.41,0.88,-69.19,20.95
7301,-242.76,322.52,258.77,-305.65,-31.66,0.21,282.42,8.22,-0.35,-0.41,0.84,-75.82,26.16
7302,-242.76,323.58,258.93,-306.87,-32.19,0.13,283.03,8.22,-0.36,-0.42,0.82,-85.71,23.09
7303,-243.49,324.54,258.47,-306.29,-32.22,0.82,283.20,8.31,-0.43,-0.36,0.85,-60.99,32.40
7304,-243.89,325.49,257.53,-305.67,-32.43,1.54,283.15,8.37,-0.44,-0.34,0.90,-39.46,29.19
7305,-244.31,326.67,255.69,-305.01,-32.92,2.57,282.92,8.26,-0.42,-0.36,0.86,-12.41,21.82
7306,-244.40,328.34,253.93,-304.34,-33.59,3.62,282.75,8.38,-0.42,-0.42,0.91,8.45,11.69
7307,-244.91,329.81,252.11,-304.08,-34.22,4.63,282.73,8.23,-0.43,-0.41,0.86,9.92,6.34
7308,-245.53,331.47,250.41,-303.81,-34.84,5.69,282.81,8.14,-0.45,-0.41,0.78,9.16,6.52
7309,-246.23,333.27,248.66,-302.59,-35.24,7.06,282.69,8.28,-0.45,-0.38,0.81,31.72,8.68
7310,-247.16,335.12,246.59,-301.22,-35.65,8.62,282.52,8.33,-0.46,-0.35,0.86,54.19,4.44
7311,-248.05,336.86,245.11,-300.45,-36.04,9.84,282.62,8.37,-0.44,-0.32,0.90,53.53,-0.14
7312,-249.41,338.96,242.71,-298.98,-36.46,11.67,282.52,8.32,-0.47,-0.30,0.89,80.02,-4.15
7313,-250.43,340.79,241.45,-298.58,-36.87,12.80,282.81,8.31,-0.45,-0.30,0.88,63.95,-4.05
7314,-251.75,342.76,239.91,-297.79,-37.22,14.20,283.05,8.28,-0.45,-0.29,0.87,68.36,-2.60
7315,-252.54,344.33,238.52,-297.07,-37.58,15.32,283.11,8.31,-0.45,-0.30,0.87,60.74,-0.58
7316,-253.01,345.87,237.08,-296.43,-38.05,16.35,283.10,8.38,-0.41,-0.32,0.91,60.71,-4.39
7317,-253.38,347.42,234.93,-295.37,-38.62,17.62,282.77,8.40,-0.41,-0.37,0.93,73.96,-7.05
7318,-253.44,348.62,233.66,-295.10,-39.16,18.33,282.70,8.44,-0.39,-0.36,0.97,56.40,-13.15
7319,-253.45,349.82,232.33,-295.03,-39.77,18.98,282.66,8.42,-0.38,-0.34,0.97,45.18,-22.16
7320,-253.40,351.12,231.26,-294.91,-40.34,19.59,282.67,8.52,-0.37,-0.27,1.03,41.31,-36.76
7321,-253.90,352.36,228.89,-293.65,-40.80,20.93,282.20,8.43,-0.39,-0.21,1.01,70.66,-43.40
7322,-254.13,353.49,227.22,-292.81,-41.23,21.90,281.91,8.44,-0.41,-0.18,1.00,67.34,-45.67
7323,-254.67,354.76,224.81,-291.26,-41.63,23.34,281.38,8.41,-0.40,-0.13,0.99,93.94,-50.94
7324,-254.97,356.33,222.89,-289.89,-42.09,24.63,281.02,8.59,-0.34,-0.18,1.07,115.13,-46.83
7325,-255.91,357.96,220.05,-288.61,-42.65,26.30,280.63,8.37,-0.32,-0.22,1.00,141.00,-45.07
7326,-257.20,359.65,217.50,-286.75,-42.92,28.15,280.27,8.30,-0.31,-0.16,0.93,161.82,-42.58
7327,-257.23,360.29,217.76,-286.90,-43.05,28.22,280.54,8.48,-0.29,-0.09,0.98,91.97,-44.56
7328,-257.79,361.42,218.23,-287.35,-43.19,28.41,281.20,8.63,-0.25,0.01,1.08,70.48,-56.30
7329,-258.46,361.75,218.54,-288.22,-43.24,28.36,281.74,8.40,-0.27,-0.01,1.02,36.75,-47.37
7330,-257.97,361.97,218.50,-288.31,-43.45,28.29,281.69,8.55,-0.27,0.00,1.06,23.83,-54.54
7331,-257.12,361.80,218.02,-288.46,-43.78,28.11,281.35,8.56,-0.22,-0.03,1.08,19.73,-57.99
7332,-256.81,360.92,218.04,-288.63,-43.68,27.77,281.10,8.38,-0.24,-0.03,1.01,-1.84,-41.37
7333,-255.32,359.97,218.43,-288.80,-43.75,27.02,280.63,8.57,-0.19,0.05,1.06,-19.56,-55.52
7334,-253.54,358.74,218.88,-289.49,-43.96,25.98,280.16,8.65,-0.15,0.04,1.13,-42.70,-60.92
7335,-252.18,357.62,219.29,-290.73,-44.22,24.95,279.95,8.50,-0.19,0.02,1.09,-65.07,-64.92
7336,-251.64,357.10,220.09,-292.06,-44.36,24.15,280.22,8.37,-0.16,-0.05,1.00,-60.22,-50.66
7337,-249.45,358.59,223.17,-297.55,-45.88,21.83,282.19,8.69,0.59,-0.32,1.12,-24.88,-85.91
7338,-249.96,357.12,223.72,-296.79,-45.06,21.64,281.90,8.52,-0.06,-0.09,1.09,-51.53,-33.23
7339,-249.08,356.82,224.44,-297.67,-45.24,20.95,282.00,8.63,-0.01,-0.09,1.13,-34.40,-42.84
7340,-248.11,356.06,224.74,-298.87,-45.52,20.14,281.95,8.46,-0.09,-0.07,1.06,-51.35,-55.36
7341,-247.14,355.45,225.65,-300.15,-45.70,19.20,282.10,8.45,-0.08,-0.06,1.03,-59.87,-56.61
7342,-246.64,355.20,226.88,-301.37,-45.76,18.40,282.52,8.52,-0.08,-0.07,1.04,-58.09,-49.80
7343,-245.77,354.47,226.83,-301.35,-45.80,18.01,282.10,8.55,-0.02,-0.08,1.06,-26.45,-44.60
7344,-245.61,354.09,226.62,-301.75,-45.90,17.83,282.02,8.34,-0.04,-0.17,0.97,-10.06,-29.10
7345,-245.14,353.55,227.67,-302.10,-45.71,17.23,282.12,8.50,-0.02,-0.17,1.00,-18.01,-16.69
7346,-244.52,353.15,229.05,-302.96,-45.63,16.41,282.42,8.68,0.06,-0.18,1.11,-22.27,-15.37
7347,-243.50,352.27,228.84,-303.39,-45.83,15.88,282.00,8.55,0.13,-0.24,1.10,-5.69,-19.17
7348,-243.30,351.51,229.06,-303.74,-45.72,15.50,281.90,8.38,0.09,-0.22,1.01,-1.27,-10.92
7349,-243.53,351.22,229.72,-303.26,-45.31,15.44,281.93,8.54,0.01,-0.11,1.04,7.19,-10.63
7350,-243.76,350.72,230.14,-302.99,-44.95,15.34,281.90,8.53,-0.01,-0.09,1.05,10.64,-6.31
7351,-244.88,350.26,230.21,-301.35,-44.13,15.89,281.68,8.56,-0.03,-0.05,1.07,45.90,14.79
7352,-244.38,349.75,230.09,-301.38,-44.16,15.67,281.40,8.52,0.08,-0.25,1.06,44.95,18.23
7353,-243.46,347.64,230.58,-302.32,-43.98,14.55,281.00,8.11,0.18,-0.39,0.85,10.60,49.33
7354,-244.77,348.10,230.44,-299.57,-43.12,15.71,280.72,8.55,0.03,-0.14,0.96,69.61,34.02
7355,-244.22,345.73,231.27,-298.69,-42.23,15.00,279.98,8.52,0.03,-0.10,1.00,17.38,43.90
7356,-243.94,344.84,231.41,-297.63,-41.78,14.94,279.45,8.67,0.01,-0.12,1.10,22.40,35.06
7357,-243.56,342.86,232.42,-297.58,-41.11,14.10,279.11,8.53,0.02,-0.10,1.08,-11.56,37.52
7358,-243.64,342.13,233.33,-297.76,-40.73,13.67,279.21,8.51,-0.01,-0.10,1.06,-15.44,26.76
7359,-244.18,341.84,233.74,-297.25,-40.29,13.76,279.25,8.54,-0.03,-0.12,1.06,8.83,27.58
7360,-244.57,341.62,234.72,-297.33,-39.92,13.53,279.56,8.61,-0.01,-0.10,1.09,8.24,20.70
7361,-243.86,341.06,235.67,-298.43,-39.99,12.71,279.76,8.61,-0.00,-0.11,1.11,-21.94,-2.72
7362,-243.66,340.77,236.80,-300.19,-40.12,11.86,280.36,8.43,-0.03,-0.14,1.03,-44.98,-12.48
7363,-243.36,340.38,237.44,-300.63,-40.05,11.42,280.45,8.46,-0.05,-0.14,1.00,-38.60,-8.32
7364,-243.49,340.04,237.42,-299.66,-39.70,11.61,280.15,8.58,-0.04,-0.13,1.05,1.47,4.84
7365,-243.61,339.41,237.81,-299.39,-39.35,11.45,280.05,8.55,-0.06,-0.10,1.06,-0.63,8.31
7366,-243.26,339.13,238.47,-299.90,-39.32,11.00,280.19,8.61,-0.05,-0.11,1.09,-13.44,-3.27
7367,-242.50,338.53,239.08,-300.77,-39.43,10.30,280.22,8.59,-0.04,-0.14,1.09,-33.89,-10.90
7368,-242.12,338.28,239.52,-301.82,-39.61,9.77,280.43,8.46,-0.05,-0.17,1.03,-37.43,-15.37
7369,-241.61,338.24,239.84,-302.23,-39.76,9.44,280.48,8.56,-0.03,-0.18,1.05,-24.80,-17.55
7370,-240.31,337.87,240.14,-303.33,-40.19,8.68,280.41,8.59,0.00,-0.22,1.08,-38.67,-28.89
7371,-238.79,337.53,240.58,-304.82,-40.75,7.73,280.43,8.63,0.02,-0.23,1.10,-56.47,-43.59
7372,-237.10,337.12,240.86,-306.68,-41.46,6.67,280.44,8.55,0.02,-0.24,1.08,-73.56,-58.68
7373,-236.16,336.73,241.04,-307.89,-41.85,5.99,280.45,8.43,-0.02,-0.19,1.01,-70.42,-57.08
7374,-235.70,336.54,241.11,-308.19,-41.98,5.74,280.38,8.44,-0.00,-0.19,0.98,-41.73,-39.76
7375,-235.31,336.37,241.42,-308.62,-42.07,5.41,280.43,8.47,0.01,-0.21,0.97,-30.66,-25.77
7376,-234.68,336.29,241.22,-308.65,-42.26,5.28,280.21,8.54,0.05,-0.26,1.01,-9.83,-18.57
7377,-233.94,335.83,241.29,-309.45,-42.51,4.76,280.13,8.43,0.07,-0.29,0.97,-18.91,-15.76
7378,-233.59,335.30,241.21,-309.30,-42.45,4.60,279.85,8.41,0.05,-0.28,0.94,-9.89,-1.44
7379,-233.70,334.92,241.44,-308.66,-42.11,4.63,279.68,8.50,0.06,-0.27,0.97,5.95,16.37
7380,-234.97,335.84,241.16,-307.70,-41.85,5.49,279.92,8.58,0.06,-0.29,1.03,55.44,24.44
7381,-235.62,335.56,241.66,-307.34,-41.41,5.55,280.04,8.57,0.07,-0.26,1.04,42.57,31.26
7382,-235.40,335.33,241.76,-307.72,-41.47,5.31,280.05,8.50,0.10,-0.31,1.02,26.63,22.46
7383,-235.53,335.08,241.95,-307.47,-41.27,5.30,280.01,8.51,0.06,-0.27,1.01,19.68,20.87
7384,-235.70,334.75,242.06,-306.97,-40.99,5.35,279.87,8.53,0.03,-0.24,1.02,18.79,21.49
7385,-235.94,334.43,242.32,-306.42,-40.65,5.41,279.78,8.60,0.03,-0.23,1.06,19.84,24.70
7386,-236.01,334.23,242.48,-306.29,-40.51,5.37,279.75,8.60,0.04,-0.25,1.08,17.27,21.69
7387,-235.90,333.82,242.67,-306.55,-40.45,5.12,279.73,8.51,0.02,-0.23,1.04,1.60,12.86
7388,-235.79,333.43,242.97,-306.58,-40.31,4.92,279.69,8.51,0.02,-0.23,1.02,-1.79,13.73
7389,-236.32,333.36,242.97,-305.99,-40.01,5.18,279.66,8.51,-0.00,-0.21,1.01,15.10,20.36
7390,-237.44,333.42,243.05,-305.00,-39.48,5.70,279.73,8.51,-0.02,-0.19,1.00,36.17,33.41
7391,-239.15,334.30,243.06,-303.95,-39.01,6.61,280.11,8.57,-0.04,-0.17,1.03,66.03,34.30
7392,-241.58,335.73,243.18,-303.04,-38.50,7.77,280.88,8.57,-0.04,-0.14,1.04,97.34,35.11
7393,-243.65,336.77,243.50,-302.52,-38.04,8.60,281.61,8.53,-0.05,-0.12,1.03,95.69,34.20
7394,-245.28,336.99,244.39,-301.92,-37.31,8.99,282.15,8.55,-0.07,-0.10,1.03,71.79,44.21
7395,-246.37,336.89,245.06,-301.37,-36.71,9.21,282.42,8.55,-0.08,-0.09,1.03,50.95,44.20
7396,-247.29,336.16,245.52,-300.26,-35.90,9.42,282.31,8.53,-0.07,-0.07,1.02,42.63,53.28
7397,-247.80,335.97,245.25,-299.07,-35.50,9.86,282.02,8.59,-0.12,-0.05,1.05,42.82,35.95
7398,-249.46,336.43,244.55,-297.24,-34.91,11.02,281.92,8.57,-0.09,-0.06,1.05,89.61,41.14
7399,-250.64,336.59,244.74,-296.28,-34.37,11.55,282.06,8.60,-0.10,-0.05,1.07,77.69,39.06
7400,-251.37,336.90,245.47,-296.07,-34.03,11.68,282.45,8.73,-0.12,0.01,1.14,50.53,19.69
7401,-252.33,336.33,246.50,-296.02,-33.38,11.54,282.79,8.62,-0.09,0.03,1.12,29.30,28.19
7402,-253.31,336.35,247.18,-295.83,-32.92,11.66,283.16,8.60,-0.13,0.03,1.09,22.59,25.49
7403,-254.37,336.32,247.78,-295.48,-32.41,11.86,283.49,8.56,-0.16,0.06,1.06,21.60,21.85
7404,-254.98,335.92,247.97,-294.31,-31.82,12.16,283.30,8.65,-0.19,0.08,1.09,25.57,23.70
7405,-254.22,338.06,251.44,-298.81,-32.81,10.51,285.63,9.12,-0.13,0.09,1.34,-57.60,-51.71
7406,-255.48,336.01,250.44,-297.90,-32.00,10.79,284.96,8.27,-0.10,0.10,1.04,-9.31,-5.72
7407,-255.98,335.98,250.60,-296.05,-31.36,11.33,284.65,8.63,-0.16,0.06,1.07,21.08,19.46
7408,-256.28,336.12,251.01,-296.50,-31.33,11.22,284.98,8.59,-0.19,0.08,1.06,1.36,-4.40
7409,-256.47,335.65,251.65,-296.45,-30.99,11.01,285.05,8.60,-0.17,0.08,1.06,-6.56,-0.27
7410,-257.22,335.58,251.71,-295.88,-30.63,11.30,285.10,8.55,-0.17,0.08,1.04,11.88,4.63
7411,-257.76,335.49,252.23,-295.50,-30.25,11.38,285.25,8.62,-0.17,0.07,1.06,11.92,9.58
7412,-257.57,335.53,253.26,-296.50,-30.30,10.83,285.71,8.68,-0.15,0.07,1.10,-17.46,-10.15
7413,-257.11,335.23,254.17,-298.25,-30.55,9.98,286.19,8.51,-0.14,0.04,1.04,-49.23,-25.67
7414,-256.19,334.99,254.36,-298.91,-30.84,9.48,286.11,8.56,-0.11,-0.02,1.03,-44.00,-27.34
7415,-255.26,334.26,254.79,-299.43,-30.91,8.83,285.93,8.59,-0.11,-0.01,1.04,-51.76,-25.34
7416,-253.96,333.85,255.40,-300.84,-31.33,7.89,286.01,8.61,-0.13,-0.00,1.06,-74.60,-42.86
7417,-252.57,333.36,256.00,-302.69,-31.87,6.81,286.16,8.52,-0.11,-0.04,1.02,-91.63,-50.59
7418,-251.32,332.84,256.41,-303.50,-32.15,6.06,286.02,8.61,-0.10,-0.04,1.04,-83.65,-46.37
7419,-250.35,332.12,256.68,-304.08,-32.29,5.43,285.81,8.59,-0.09,-0.06,1.05,-73.92,-33.83
7420,-249.44,331.90,257.04,-305.35,-32.69,4.74,285.93,8.54,-0.09,-0.07,1.02,-73.85,-39.86
7421,-248.35,332.34,255.54,-306.98,-33.86,4.55,285.80,8.14,-0.14,-0.35,0.81,-61.27,-24.74
7422,-247.83,331.99,257.06,-305.93,-33.26,4.21,285.71,8.82,-0.05,-0.13,1.04,-37.47,-8.05
7423,-247.53,331.75,256.99,-306.91,-33.54,3.85,285.80,8.58,-0.04,-0.19,1.04,-36.06,-8.14
7424,-247.69,332.18,257.38,-307.76,-33.72,3.68,286.25,8.53,-0.05,-0.17,1.01,-27.37,-10.93
7425,-248.60,332.93,257.35,-307.49,-33.62,4.17,286.59,8.55,-0.04,-0.12,1.00,12.36,-4.95
7426,-249.06,333.75,257.71,-308.07,-33.76,4.26,287.15,8.58,-0.04,-0.16,1.02,11.44,-5.13
7427,-249.66,334.22,258.45,-308.38,-33.62,4.27,287.68,8.66,-0.03,-0.17,1.06,9.90,6.98
7428,-250.35,334.27,259.02,-308.70,-33.40,4.23,288.08,8.56,-0.05,-0.19,1.04,1.93,21.73
7429,-250.88,334.24,260.22,-309.51,-33.16,3.85,288.71,8.52,-0.06,-0.19,1.00,-20.47,29.47
7430,-251.09,334.90,261.27,-310.62,-33.29,3.52,289.47,8.62,-0.07,-0.25,1.03,-29.04,23.37
7431,-251.63,335.05,263.24,-312.10,-33.07,2.84,290.51,8.64,-0.07,-0.24,1.06,-51.98,31.06
7432,-252.21,335.43,264.32,-312.83,-32.93,2.62,291.20,8.68,-0.08,-0.23,1.09,-41.26,29.98
7433,-252.69,335.75,264.26,-313.20,-33.00,2.74,291.48,8.53,-0.10,-0.26,1.03,-23.35,26.89
7434,-252.80,335.92,265.70,-314.43,-32.96,2.15,292.21,8.60,-0.10,-0.30,1.03,-49.16,34.60
7435,-252.80,336.18,266.63,-315.87,-33.15,1.62,292.87,8.53,-0.13,-0.31,1.00,-64.71,26.55
7436,-252.53,336.00,266.59,-316.45,-33.33,1.37,292.89,8.40,-0.21,-0.36,0.92,-71.31,32.88
7437,-250.93,335.02,266.79,-316.30,-33.40,0.72,292.26,8.64,-0.16,-0.43,1.00,-77.98,42.69
7438,-250.41,334.34,266.78,-316.87,-33.51,0.27,292.10,8.46,-0.19,-0.43,0.95,-81.45,45.85
7439,-249.95,334.16,267.35,-317.01,-33.47,-0.06,292.12,8.64,-0.21,-0.38,1.01,-79.40,40.91
7440,-249.76,333.38,266.21,-316.08,-33.37,0.21,291.36,8.44,-0.28,-0.32,0.94,-61.08,41.96
7441,-249.57,333.05,265.68,-315.47,-33.32,0.37,290.94,8.42,-0.27,-0.35,0.90,-49.70,50.40
7442,-249.83,332.87,265.19,-314.74,-33.15,0.69,290.66,8.37,-0.27,-0.38,0.85,-36.81,65.18
7443,-250.48,333.01,264.81,-313.44,-32.79,1.31,290.43,8.48,-0.27,-0.35,0.88,-15.38,72.38
7444,-251.28,333.63,264.09,-311.62,-32.47,2.30,290.15,8.70,-0.26,-0.33,1.01,24.08,69.46
7445,-252.28,333.95,262.74,-309.79,-32.18,3.42,289.69,8.66,-0.29,-0.26,1.05,43.10,56.72
7446,-254.41,335.32,261.44,-307.82,-31.82,5.12,289.75,8.63,-0.30,-0.14,1.06,83.76,43.27
7447,-256.66,337.01,259.76,-306.13,-31.68,6.94,289.89,8.49,-0.31,-0.14,0.99,108.92,36.53
7448,-259.87,339.48,258.16,-304.21,-31.42,9.25,290.43,8.39,-0.32,-0.14,0.90,145.50,41.37
7449,-262.87,342.35,257.66,-303.07,-31.22,11.12,291.49,8.52,-0.34,-0.19,0.92,146.52,47.78
7450,-265.29,344.97,256.59,-301.48,-31.14,13.05,292.08,8.70,-0.31,-0.15,1.02,161.85,31.29
7451,-267.25,346.88,255.78,-300.63,-31.12,14.43,292.63,8.70,-0.31,-0.25,1.07,144.35,39.63
7452,-268.88,348.56,255.78,-300.51,-31.10,15.29,293.43,8.74,-0.30,-0.22,1.12,110.07,31.21
7453,-270.67,350.79,255.34,-300.88,-31.41,16.31,294.42,8.64,-0.28,-0.17,1.09,104.28,5.26
7454,-272.89,353.44,255.19,-301.48,-31.71,17.41,295.75,8.56,-0.27,-0.15,1.04,105.50,-5.49
7455,-274.38,355.26,256.24,-303.31,-31.99,17.52,297.30,8.45,-0.33,-0.03,0.96,42.08,-28.00
7456,-275.67,356.73,254.97,-302.10,-32.05,18.83,297.37,8.48,-0.39,0.03,0.93,68.56,-30.88
7457,-276.98,358.27,253.73,-300.42,-32.00,20.27,297.35,8.65,-0.33,0.07,1.00,110.22,-26.92
7458,-278.69,359.82,253.22,-299.78,-31.92,21.38,297.88,8.64,-0.33,0.18,1.03,110.61,-38.31
7459,-280.00,361.67,253.06,-299.95,-32.14,22.16,298.67,8.69,-0.32,0.16,1.07,98.49,-47.66
7460,-281.53,363.15,252.81,-299.08,-31.97,23.20,299.14,8.84,-0.27,0.24,1.16,115.75,-44.00
7461,-283.51,364.88,253.94,-299.80,-31.81,23.66,300.53,8.88,-0.28,0.35,1.23,93.21,-50.31
7462,-285.31,365.91,253.63,-300.39,-31.84,24.30,301.31,8.46,-0.33,0.33,1.05,76.82,-62.26
7463,-286.98,367.02,254.15,-300.71,-31.65,24.78,302.22,8.37,-0.33,0.29,0.92,61.41,-53.44
7464,-287.91,368.06,253.93,-299.88,-31.53,25.54,302.45,8.55,-0.25,0.24,0.94,86.85,-44.42
7465,-288.01,368.25,254.01,-299.59,-31.46,25.67,302.47,8.67,-0.21,0.29,1.01,70.23,-53.98
7466,-288.12,367.90,253.16,-298.94,-31.39,25.98,302.03,8.50,-0.22,0.34,0.96,65.72,-66.14
7467,-289.27,367.27,254.42,-298.29,-30.47,25.96,302.31,8.53,-0.19,0.48,0.95,53.94,-46.28
7468,-290.90,366.33,256.07,-298.20,-29.39,25.74,302.88,8.33,-0.19,0.51,0.84,32.24,-28.26
7469,-291.41,366.46,256.46,-297.44,-29.01,25.99,302.94,8.52,-0.15,0.42,0.88,52.67,-30.90
7470,-291.15,365.52,256.98,-297.03,-28.60,25.66,302.67,8.58,-0.10,0.34,0.93,40.64,-23.66
7471,-290.59,363.97,257.81,-296.33,-27.97,25.11,302.18,8.72,-0.09,0.44,1.03,21.02,-25.27
7472,-290.20,362.95,257.40,-295.55,-27.73,25.05,301.52,8.65,-0.10,0.43,1.04,32.89,-38.46
7473,-290.79,360.80,257.30,-294.77,-26.87,24.88,300.91,8.13,-0.14,0.45,0.79,23.61,-37.24
7474,-291.13,359.65,258.40,-293.17,-25.82,24.80,300.58,8.44,-0.13,0.49,0.81,32.28,-18.89
7475,-291.81,358.60,259.58,-292.20,-24.85,24.66,300.55,8.55,-0.12,0.52,0.88,33.55,-9.02
7476,-292.24,357.71,260.37,-291.43,-24.13,24.54,300.44,8.60,-0.13,0.51,0.94,34.96,-9.87
7477,-292.17,356.32,261.32,-290.73,-23.39,24.11,300.14,8.69,-0.11,0.48,1.01,22.76,-2.67
7478,-291.56,354.43,262.74,-291.17,-22.83,23.02,299.98,8.61,-0.09,0.47,1.01,-16.70,-11.11
7479,-291.02,352.03,264.63,-292.00,-22.10,21.60,299.92,8.41,-0.12,0.49,0.91,-62.01,-17.10
7480,-291.01,350.42,265.83,-291.64,-21.30,20.99,299.73,8.40,-0.12,0.51,0.85,-42.53,-18.21
7481,-292.66,349.76,265.96,-289.52,-20.17,21.73,299.48,8.38,-0.13,0.54,0.82,33.24,-4.53
7482,-294.02,349.40,266.28,-287.31,-19.10,22.46,299.25,8.59,-0.13,0.54,0.90,75.55,11.88
7483,-295.45,347.77,266.94,-285.67,-17.76,22.65,298.96,8.40,-0.12,0.53,0.85,69.91,27.55
7484,-295.99,346.56,267.68,-284.47,-16.84,22.60,298.68,8.44,-0.11,0.50,0.84,56.60,21.60
7485,-296.58,345.17,268.80,-283.58,-15.84,22.34,298.53,8.45,-0.11,0.55,0.84,37.64,14.40
7486,-299.57,344.74,268.81,-280.39,-14.19,23.78,298.38,8.40,-0.21,0.68,0.82,101.10,30.15
7487,-303.13,343.51,269.15,-276.88,-12.03,25.15,298.17,8.16,-0.21,0.64,0.69,134.07,67.18
7488,-306.17,343.26,269.97,-273.59,-10.18,26.47,298.25,8.37,-0.18,0.64,0.72,158.35,79.24
7489,-308.62,342.36,270.34,-270.68,-8.52,27.49,298.00,8.35,-0.21,0.65,0.73,150.18,77.37
7490,-311.16,341.40,270.60,-267.54,-6.80,28.60,297.67,8.32,-0.26,0.76,0.72,149.89,68.16
7491,-314.06,341.06,271.89,-265.35,-5.11,29.47,298.09,8.39,-0.27,0.83,0.75,141.80,66.14
7492,-315.87,339.47,273.16,-264.00,-3.61,29.54,298.12,8.19,-0.26,0.75,0.66,94.57,58.95
7493,-316.88,337.86,275.40,-263.45,-2.26,28.97,298.40,8.23,-0.26,0.75,0.64,38.63,47.74
7494,-317.60,336.77,277.16,-262.98,-1.25,28.56,298.63,8.34,-0.25,0.75,0.68,22.85,30.68
7495,-318.93,335.43,278.81,-262.47,-0.04,28.27,298.91,8.21,-0.26,0.76,0.64,16.50,26.05
7496,-319.59,333.70,280.57,-262.16,1.08,27.64,299.00,8.13,-0.25,0.74,0.58,-5.71,18.24
7497,-320.38,331.13,283.18,-261.97,2.62,26.59,299.17,7.99,-0.26,0.75,0.48,-41.06,25.19
7498,-319.79,329.15,285.86,-262.03,3.61,25.26,299.21,8.30,-0.30,0.78,0.58,-75.95,22.67
7499,-318.07,327.23,288.35,-263.32,3.97,23.41,299.24,8.55,-0.26,0.77,0.75,-110.89,2.97
7500,-316.97,324.68,289.92,-264.69,4.38,21.76,299.07,8.23,-0.26,0.74,0.69,-128.72,-16.87
7501,-315.74,322.34,291.82,-265.34,4.97,20.23,298.81,8.27,-0.28,0.72,0.67,-136.50,-14.40
7502,-313.75,319.91,293.44,-266.33,5.24,18.47,298.36,8.32,-0.31,0.65,0.68,-160.15,-17.99
7503,-311.63,318.11,294.84,-266.92,5.36,16.99,297.88,8.60,-0.30,0.66,0.83,-148.09,-20.02
7504,-309.04,315.91,296.17,-268.59,5.18,15.05,297.43,8.61,-0.31,0.58,0.91,-173.40,-23.99
7505,-306.11,312.60,297.56,-270.54,5.13,12.65,296.70,8.38,-0.30,0.49,0.84,-216.40,-22.65
7506,-302.49,309.71,297.91,-271.47,4.81,10.71,295.39,8.42,-0.31,0.41,0.81,-221.09,-27.63
7507,-299.36,307.97,298.07,-272.18,4.32,9.27,294.39,8.63,-0.28,0.35,0.91,-188.37,-29.40
7508,-297.62,307.48,297.70,-272.47,3.84,8.73,293.82,8.77,-0.29,0.35,1.03,-129.93,-31.47
7509,-296.18,307.31,297.22,-273.06,3.26,8.30,293.44,8.82,-0.31,0.34,1.11,-96.95,-36.74
7510,-293.95,306.98,296.77,-274.87,2.22,7.32,293.14,8.73,-0.30,0.24,1.11,-110.44,-50.96
7511,-290.73,305.59,297.38,-278.02,1.13,5.23,292.93,8.55,-0.27,0.12,1.02,-175.92,-52.47
7512,-288.04,305.22,297.16,-279.96,0.00,4.04,292.60,8.59,-0.23,0.04,0.99,-160.11,-51.37
7513,-285.44,304.91,296.92,-281.46,-1.00,2.99,292.18,8.73,-0.22,-0.04,1.05,-145.92,-38.64
7514,-283.14,304.50,296.96,-283.00,-1.85,1.92,291.90,8.83,-0.24,-0.01,1.12,-144.03,-38.43
7515,-281.66,304.30,296.35,-284.04,-2.58,1.39,291.59,8.74,-0.25,0.07,1.11,-118.70,-42.05
7516,-279.85,304.67,295.82,-285.76,-3.69,0.73,291.52,8.72,-0.23,-0.05,1.10,-109.15,-39.27
7517,-277.22,304.44,295.75,-288.64,-5.03,-0.68,291.51,8.58,-0.18,-0.17,1.03,-141.08,-39.02
7518,-275.02,304.79,294.59,-290.35,-6.38,-1.28,291.19,8.50,-0.16,-0.25,0.95,-117.32,-34.78
7519,-271.79,305.00,293.38,-291.19,-7.76,-1.95,290.34,8.85,-0.12,-0.36,1.08,-101.12,-31.96
7520,-268.49,303.92,292.72,-293.99,-9.17,-3.58,289.78,8.54,-0.14,-0.33,0.99,-155.03,-40.31
7521,-266.08,303.49,291.53,-295.62,-10.38,-4.39,289.18,8.33,-0.16,-0.27,0.84,-147.05,-38.14
7522,-264.91,304.79,289.47,-295.13,-11.39,-3.72,288.57,8.55,-0.13,-0.34,0.88,-57.52,-15.92
7523,-264.42,305.44,286.13,-293.58,-12.12,-2.46,287.40,8.39,-0.19,-0.35,0.82,2.31,8.11
7524,-263.47,307.34,283.15,-292.09,-13.20,-1.11,286.51,8.74,-0.07,-0.41,0.96,70.51,0.49
7525,-264.34,310.19,280.86,-292.77,-14.44,0.22,287.04,8.48,-0.08,-0.33,0.90,90.56,-21.60
7526,-265.21,313.41,278.88,-292.85,-15.54,1.73,287.59,8.56,-0.15,-0.19,0.91,98.61,-50.52
7527,-263.27,314.17,277.43,-293.10,-16.64,1.73,286.99,8.81,-0.07,-0.13,1.04,51.44,-67.12
7528,-262.24,313.65,276.04,-292.13,-16.87,1.93,286.02,8.83,-0.03,-0.11,1.11,36.61,-27.98
7529,-262.41,313.34,275.06,-290.92,-16.70,2.45,285.43,8.77,0.04,-0.19,1.12,53.36,26.20
7530,-261.52,313.03,274.91,-291.69,-17.07,1.99,285.29,8.68,0.03,-0.24,1.08,5.02,28.11
7531,-260.61,313.15,274.06,-292.07,-17.64,1.90,284.97,8.63,0.03,-0.18,1.03,0.92,5.97
7532,-261.04,313.64,272.79,-290.96,-17.69,2.73,284.61,8.61,-0.06,-0.16,1.00,28.37,22.45
7533,-264.20,315.13,272.53,-289.53,-16.98,4.32,285.34,8.48,-0.16,-0.07,0.91,71.73,56.13
7534,-267.54,317.05,272.55,-288.00,-16.24,6.01,286.29,8.51,-0.18,-0.08,0.89,104.51,86.37
7535,-270.43,318.88,272.93,-285.92,-15.36,7.61,287.04,8.86,-0.24,-0.06,1.05,118.67,102.49
7536,-272.54,319.87,272.24,-284.02,-14.78,9.04,287.17,8.89,-0.22,-0.06,1.14,125.99,99.79
7537,-274.55,321.16,271.20,-282.69,-14.52,10.45,287.40,8.78,-0.21,-0.06,1.13,129.50,83.21
7538,-275.95,322.08,269.32,-280.68,-14.37,12.01,287.01,8.69,-0.20,-0.01,1.09,139.82,62.10
7539,-276.40,322.68,267.41,-278.05,-14.23,13.40,286.14,8.91,-0.15,-0.00,1.17,149.59,53.65
7540,-276.56,322.67,266.84,-277.73,-14.25,13.67,285.95,8.80,-0.11,0.01,1.16,99.15,40.06
7541,-275.67,323.38,265.61,-277.76,-14.97,13.92,285.61,8.89,-0.10,-0.03,1.20,72.18,4.29
7542,-273.33,322.82,263.69,-277.83,-15.91,13.66,284.42,8.84,-0.08,0.02,1.19,36.30,-35.70
7543,-272.43,323.12,262.16,-278.61,-16.79,13.70,284.08,8.56,-0.19,-0.04,1.04,11.03,-41.35
7544,-272.28,323.56,262.08,-278.98,-17.04,13.70,284.22,8.60,-0.24,0.08,0.99,-4.82,-38.47
7545,-271.99,324.05,262.28,-279.01,-17.20,13.69,284.33,8.83,-0.21,0.15,1.08,1.31,-32.86
7546,-270.63,324.43,261.36,-279.37,-17.95,13.58,283.95,8.95,-0.14,0.13,1.18,7.52,-50.55
7547,-269.01,324.54,260.13,-280.99,-19.09,13.11,283.67,8.67,-0.14,0.07,1.09,-16.65,-73.99
7548,-267.55,324.83,259.50,-282.05,-19.96,12.71,283.48,8.68,-0.13,0.07,1.05,-22.83,-77.92
7549,-265.79,324.89,257.65,-281.82,-20.82,12.80,282.54,8.73,-0.09,0.07,1.06,3.74,-81.70
7550,-264.42,324.90,257.07,-282.39,-21.45,12.46,282.19,8.79,-0.05,0.06,1.09,0.63,-70.33
7551,-262.80,324.96,256.44,-283.37,-22.27,11.99,281.89,8.81,-0.01,0.08,1.11,-5.99,-78.97
7552,-261.01,324.68,255.19,-284.08,-23.14,11.60,281.24,8.69,0.01,0.04,1.07,-5.21,-80.67
7553,-259.41,324.75,255.08,-285.98,-24.06,10.78,281.31,8.61,0.02,0.02,1.00,-28.24,-84.95
7554,-258.10,324.95,254.35,-286.44,-24.74,10.56,280.96,8.69,0.02,0.01,1.01,-10.02,-75.11
7555,-257.01,324.70,254.46,-287.14,-25.09,10.03,280.83,8.75,0.08,0.04,1.05,-8.40,-61.38
7556,-256.08,324.85,254.66,-288.05,-25.54,9.55,280.91,8.85,0.12,0.03,1.11,-3.55,-54.50
7557,-254.77,324.18,254.64,-289.46,-26.06,8.71,280.76,8.65,0.11,-0.01,1.04,-24.21,-50.08
7558,-253.38,323.55,254.45,-289.96,-26.42,8.13,280.34,8.67,0.11,0.03,1.02,-20.70,-51.82
7559,-251.71,323.37,254.84,-291.09,-26.98,7.29,280.25,8.85,0.12,0.07,1.10,-33.64,-65.54
7560,-250.13,322.60,254.84,-292.51,-27.54,6.35,280.02,8.70,0.14,0.05,1.06,-42.24,-66.06
7561,-248.12,322.22,254.45,-293.21,-28.21,5.67,279.50,8.84,0.22,0.02,1.11,-24.26,-71.40
7562,-246.33,321.33,254.40,-294.09,-28.67,4.79,279.04,8.83,0.19,0.01,1.13,-38.53,-64.12
7563,-245.18,320.78,254.56,-295.93,-29.24,3.87,279.11,8.56,0.16,0.03,1.00,-48.18,-71.19
7564,-242.39,319.17,254.25,-296.20,-29.68,2.77,278.00,8.71,0.29,-0.02,1.01,-38.75,-59.21
7565,-240.89,319.27,254.35,-297.41,-30.36,2.10,277.98,8.83,0.31,-0.02,1.08,-25.98,-69.33
7566,-239.44,318.73,254.07,-298.95,-31.04,1.29,277.80,8.60,0.31,-0.05,1.00,-23.82,-71.77
7567,-237.70,318.03,254.61,-300.07,-31.45,0.26,277.60,8.72,0.34,0.02,1.02,-31.93,-73.66
7568,-236.24,317.53,254.46,-301.57,-32.10,-0.57,277.45,8.55,0.34,-0.04,0.94,-25.15,-71.89
7569,-236.89,317.75,256.01,-301.69,-31.64,-0.76,278.08,8.79,0.18,0.17,1.02,-23.82,-54.78
7570,-234.84,317.89,256.99,-305.24,-32.82,-2.37,278.74,8.70,0.50,-0.10,1.02,-28.74,-68.44
7571,-233.87,317.20,256.56,-305.78,-33.14,-2.82,278.35,8.53,0.42,-0.08,0.93,-5.66,-57.32
7572,-232.71,316.84,257.28,-306.29,-33.29,-3.50,278.28,8.78,0.48,-0.05,1.01,1.00,-47.92
7573,-231.74,316.71,257.37,-308.20,-33.95,-4.28,278.51,8.54,0.44,-0.11,0.93,-4.48,-55.95
7574,-230.84,315.96,257.79,-308.63,-33.99,-4.91,278.30,8.57,0.45,-0.10,0.90,3.95,-35.15
7575,-230.43,314.92,258.73,-308.90,-33.67,-5.57,278.25,8.58,0.43,-0.04,0.89,1.15,-17.11
7576,-229.26,314.58,259.49,-309.36,-33.80,-6.25,278.17,8.87,0.55,-0.04,1.03,7.30,-25.80
7577,-228.47,313.72,259.68,-310.62,-34.05,-7.03,278.12,8.58,0.53,-0.06,0.96,3.40,-32.63
7578,-227.82,312.82,260.03,-311.71,-34.17,-7.77,278.09,8.33,0.44,-0.10,0.80,0.24,-21.64
7579,-227.26,311.87,261.18,-311.79,-33.80,-8.46,278.03,8.50,0.47,-0.10,0.80,6.66,1.85
7580,-227.01,310.61,262.35,-311.45,-33.18,-9.05,277.86,8.63,0.52,-0.07,0.86,12.86,22.37
7581,-225.95,309.89,263.78,-311.48,-32.91,-9.85,277.77,9.06,0.71,-0.03,1.11,8.51,9.43
7582,-225.82,308.56,263.91,-313.04,-32.96,-10.64,277.83,8.40,0.53,-0.07,0.91,-3.67,-1.10
7583,-226.18,307.76,264.94,-312.72,-32.34,-10.93,277.90,8.45,0.38,-0.03,0.83,1.24,18.83
7584,-227.43,307.06,266.92,-311.87,-31.15,-11.08,278.32,8.67,0.35,0.06,0.90,9.52,43.99
7585,-229.72,305.79,268.52,-311.17,-29.68,-11.05,278.80,8.35,0.27,0.00,0.78,21.90,91.89
7586,-231.61,303.70,270.69,-308.54,-27.49,-10.98,278.63,8.56,0.31,-0.03,0.82,37.66,158.64
7587,-233.40,302.74,272.84,-306.14,-25.66,-10.71,278.78,9.01,0.43,-0.02,1.06,57.15,168.41
7588,-235.35,301.40,274.33,-304.83,-24.14,-10.60,278.98,8.89,0.39,-0.02,1.12,48.40,161.54
7589,-237.51,300.93,276.40,-304.41,-22.86,-10.59,279.81,8.86,0.31,-0.03,1.14,32.08,150.78
7590,-239.93,300.47,278.86,-304.58,-21.56,-10.76,280.96,8.70,0.23,-0.04,1.07,10.21,148.27
7591,-242.80,300.67,279.73,-302.97,-20.28,-9.81,281.54,8.66,0.10,0.00,1.01,41.44,141.57
7592,-245.08,300.38,280.33,-300.52,-18.87,-8.85,281.58,8.78,0.05,0.02,1.04,59.76,146.81
7593,-247.16,300.17,281.09,-298.66,-17.65,-8.10,281.77,8.86,0.03,0.03,1.09,60.47,142.34
7594,-249.03,299.88,282.17,-297.50,-16.55,-7.69,282.14,8.88,0.02,0.04,1.13,44.75,133.71
7595,-250.74,299.77,283.72,-297.38,-15.67,-7.64,282.90,8.84,-0.01,0.03,1.13,13.84,122.47
7596,-252.03,299.56,285.17,-297.47,-14.96,-7.76,283.56,8.81,-0.04,0.03,1.11,-12.51,109.92
7597,-253.64,299.95,285.51,-297.09,-14.47,-7.25,284.05,8.68,-0.14,-0.00,1.04,-8.16,97.60
7598,-255.45,300.35,284.56,-294.51,-13.71,-5.82,283.72,8.74,-0.19,0.07,1.03,41.62,92.73
7599,-257.29,300.31,284.45,-292.40,-12.74,-4.81,283.61,8.77,-0.21,0.08,1.04,47.00,106.31
7600,-258.98,300.32,284.89,-291.33,-11.95,-4.23,283.88,8.72,-0.25,0.11,1.02,24.21,101.02
7601,-261.07,300.61,285.75,-290.30,-11.02,-3.59,284.43,8.75,-0.30,0.12,1.03,11.83,107.31
7602,-263.33,301.16,285.91,-288.57,-10.12,-2.50,284.74,8.79,-0.30,0.12,1.05,34.55,111.91
7603,-265.32,301.29,285.29,-286.65,-9.33,-1.33,284.64,8.65,-0.33,0.11,0.99,42.92,111.52
7604,-266.54,301.67,285.67,-286.20,-8.92,-0.91,285.02,8.65,-0.28,0.07,0.96,20.44,98.43
7605,-267.78,301.98,286.23,-285.39,-8.34,-0.47,285.34,8.76,-0.34,0.15,1.00,0.11,85.09
7606,-268.95,302.23,286.11,-283.52,-7.67,0.39,285.20,8.97,-0.32,0.23,1.12,24.77,80.70
7607,-271.20,302.29,286.62,-283.60,-7.02,0.82,285.93,8.53,-0.39,0.20,0.96,-8.53,84.77
7608,-273.54,303.56,286.66,-281.74,-6.27,2.17,286.38,8.73,-0.48,0.24,0.98,20.79,87.70
7609,-275.75,304.95,287.96,-281.59,-5.71,2.79,287.56,8.89,-0.40,0.38,1.07,24.49,65.04
7610,-277.28,304.94,286.49,-279.11,-5.07,4.15,286.95,8.76,-0.47,0.22,1.05,42.81,90.33
7611,-279.12,305.26,286.58,-278.88,-4.61,4.73,287.46,8.46,-0.58,0.21,0.89,-7.84,81.81
7612,-280.87,306.34,286.36,-277.72,-4.21,5.78,287.82,8.53,-0.63,0.23,0.85,-6.50,73.40
7613,-283.60,307.15,286.12,-275.53,-3.24,7.28,288.10,8.54,-0.69,0.24,0.83,14.24,99.72
7614,-285.86,308.27,285.91,-273.10,-2.40,8.78,288.28,8.80,-0.66,0.29,0.95,48.47,103.45
7615,-288.34,309.32,285.34,-271.80,-1.86,10.13,288.70,8.63,-0.67,0.30,0.92,47.82,91.58
7616,-290.69,310.61,284.64,-270.19,-1.37,11.62,289.03,8.59,-0.68,0.31,0.89,54.15,83.08
7617,-294.74,311.98,283.32,-267.21,-0.28,14.05,289.31,8.34,-0.79,0.39,0.75,86.60,97.00
7618,-297.92,313.38,283.08,-264.78,0.71,15.86,289.79,8.44,-0.78,0.35,0.73,82.79,113.12
7619,-301.43,314.73,282.35,-261.32,1.93,18.12,289.95,8.58,-0.78,0.42,0.79,116.83,124.08
7620,-304.61,315.88,281.63,-258.98,2.85,19.97,290.27,8.48,-0.72,0.39,0.77,113.95,121.77
7621,-307.47,317.15,281.11,-257.71,3.43,21.45,290.86,8.27,-0.69,0.36,0.65,85.12,101.43
7622,-310.58,318.26,279.55,-255.02,4.21,23.57,290.85,8.05,-0.77,0.38,0.48,83.90,97.72
7623,-313.98,318.88,278.58,-250.75,5.73,25.88,290.55,8.18,-0.79,0.50,0.46,116.23,119.31
7624,-316.75,320.27,277.12,-248.29,6.33,27.90,290.61,8.09,-0.75,0.43,0.41,108.47,100.40
7625,-318.95,321.58,275.53,-246.07,6.71,29.73,290.53,8.02,-0.62,0.29,0.34,93.96,91.85
7626,-320.89,322.47,274.06,-243.97,7.13,31.33,290.35,7.92,-0.60,0.35,0.26,82.60,63.93
7627,-321.99,323.53,272.83,-242.50,7.20,32.55,290.21,7.97,-0.61,0.38,0.24,59.37,36.26
7628,-322.96,324.96,270.51,-240.40,7.03,34.25,289.71,8.03,-0.66,0.39,0.27,70.30,17.56
7629,-324.12,326.93,268.70,-239.38,6.63,35.74,289.78,8.03,-0.71,0.42,0.28,68.10,-6.30
7630,-324.86,328.92,266.80,-238.78,5.99,37.05,289.84,8.02,-0.74,0.35,0.28,45.24,-14.18
7631,-324.30,330.34,266.80,-239.60,5.29,37.06,290.26,8.31,-0.77,0.41,0.42,-4.05,-34.89
7632,-322.75,331.64,266.56,-242.41,3.82,36.35,290.84,8.26,-0.76,0.40,0.47,-69.93,-81.74
7633,-319.78,332.66,265.37,-244.74,1.94,35.58,290.64,8.37,-0.76,0.35,0.55,-106.52,-117.32
7634,-316.15,333.23,265.49,-248.92,-0.13,33.74,290.95,8.41,-0.65,0.42,0.61,-157.18,-168.51
7635,-311.01,333.93,265.14,-255.27,-3.26,31.13,291.34,8.20,-0.58,0.24,0.53,-250.14,-218.20
7636,-305.13,334.87,264.58,-259.69,-6.21,28.93,291.07,8.66,-0.59,0.27,0.72,-250.14,-250.14
7637,-300.40,335.31,263.45,-263.92,-8.85,27.08,290.77,8.61,-0.66,0.27,0.80,-250.14,-250.14
7638,-295.88,335.77,262.94,-268.25,-11.30,25.12,290.71,8.64,-0.65,0.30,0.85,-250.14,-250.14
7639,-291.38,336.19,261.68,-272.25,-13.84,23.41,290.38,8.56,-0.66,0.20,0.83,-250.14,-241.82
7640,-288.91,336.17,261.06,-273.05,-14.81,22.74,289.80,8.82,-0.67,0.30,0.95,-183.74,-179.27
7641,-286.80,336.21,260.32,-274.30,-15.85,22.10,289.41,8.86,-0.52,0.24,1.03,-133.00,-139.62
7642,-284.59,336.60,258.64,-275.91,-17.32,21.66,288.94,8.68,-0.40,0.10,0.98,-97.11,-126.80
7643,-282.78,337.16,257.48,-277.59,-18.62,21.22,288.75,8.57,-0.37,0.00,0.90,-87.67,-108.48
7644,-280.61,337.83,257.06,-279.50,-19.91,20.47,288.75,8.69,-0.31,-0.06,0.92,-86.42,-95.77
7645,-279.45,338.96,256.85,-280.70,-20.84,20.21,288.99,8.92,-0.29,-0.02,1.04,-58.14,-88.24
7646,-279.43,339.87,256.51,-281.58,-21.38,20.30,289.35,8.84,-0.27,0.00,1.07,-27.83,-64.01
7647,-280.06,340.57,256.25,-281.56,-21.46,20.70,289.61,8.80,-0.24,-0.00,1.06,6.56,-26.89
7648,-280.74,342.65,255.49,-283.03,-22.36,21.22,290.48,8.60,-0.11,-0.06,0.95,47.50,-39.94
7649,-281.61,345.65,255.83,-283.95,-23.04,21.87,291.76,8.98,-0.16,-0.14,1.09,61.58,-29.82
7650,-282.74,346.59,256.05,-284.69,-23.12,22.15,292.52,8.80,-0.19,-0.03,1.07,46.19,-19.12
7651,-282.98,348.56,256.41,-286.12,-23.82,22.25,293.52,8.97,-0.15,-0.04,1.14,41.88,-35.03
7652,-285.23,350.08,256.80,-287.10,-23.79,22.85,294.80,8.64,-0.21,0.02,1.01,48.83,-17.05
7653,-286.78,351.48,257.55,-287.17,-23.58,23.39,295.74,8.77,-0.29,0.06,1.01,42.21,-0.67
7654,-286.91,352.00,257.70,-287.21,-23.65,23.50,295.96,8.89,-0.23,0.03,1.07,36.77,1.81
7655,-286.94,352.85,257.47,-287.07,-23.88,23.81,296.08,9.08,-0.13,-0.04,1.19,57.79,3.98
7656,-287.20,353.19,257.10,-287.35,-24.06,23.98,296.21,8.94,-0.11,-0.07,1.18,55.15,4.87
7657,-286.52,353.51,257.65,-289.26,-24.65,23.28,296.74,8.84,-0.09,-0.13,1.13,10.31,-7.41
7658,-285.29,353.37,258.36,-291.28,-25.25,22.25,297.07,8.79,-0.10,-0.06,1.08,-33.93,-30.24
7659,-284.69,353.18,258.38,-291.83,-25.49,21.92,297.02,8.76,-0.14,0.07,1.04,-27.22,-40.94
7660,-284.87,352.86,257.74,-290.82,-25.27,22.29,296.57,8.73,-0.19,0.12,1.00,6.74,-22.08
7661,-285.17,352.81,258.47,-290.72,-24.97,22.20,296.79,8.85,-0.08,0.18,1.04,24.02,-11.88
7662,-283.94,352.43,259.85,-292.27,-25.23,21.06,297.12,9.02,-0.06,0.04,1.14,-25.98,-7.86
7663,-283.73,353.26,258.71,-293.09,-25.98,21.30,297.20,8.79,-0.24,-0.11,1.08,-14.27,-17.45
7664,-283.56,352.38,259.49,-292.67,-25.50,20.94,297.02,8.91,-0.08,0.02,1.11,2.43,5.22
7665,-284.39,352.44,259.70,-292.78,-25.29,21.09,297.33,8.74,-0.10,0.05,1.04,18.60,8.98
7666,-284.11,352.29,260.53,-293.28,-25.23,20.65,297.55,8.86,-0.11,0.06,1.06,-1.48,5.19
7667,-283.77,351.91,260.60,-293.64,-25.29,20.36,297.48,8.78,-0.11,0.04,1.03,-4.76,-0.27
7668,-283.58,351.82,260.96,-293.80,-25.27,20.16,297.54,8.85,-0.10,0.04,1.05,0.35,0.19
7669,-283.54,351.57,261.26,-294.02,-25.20,19.96,297.60,8.82,-0.11,0.05,1.05,1.15,1.44
7670,-283.20,351.35,261.56,-294.30,-25.23,19.67,297.60,8.85,-0.11,0.05,1.06,-2.73,-0.98
7671,-282.93,351.10,261.83,-294.62,-25.24,19.39,297.62,8.84,-0.10,0.05,1.06,-4.06,-2.01
7672,-282.70,350.76,262.18,-294.83,-25.18,19.11,297.62,8.85,-0.10,0.05,1.07,-3.87,1.09
7673,-282.72,350.64,262.47,-295.05,-25.13,18.96,297.72,8.83,-0.11,0.05,1.06,-0.25,1.79
7674,-282.84,350.71,262.84,-295.35,-25.09,18.84,297.93,8.84,-0.12,0.04,1.06,1.66,2.40
7675,-282.59,350.45,263.06,-295.57,-25.09,18.60,297.92,8.84,-0.11,0.04,1.06,0.31,1.36
7676,-282.30,350.28,263.38,-295.84,-25.11,18.34,297.95,8.88,-0.10,0.04,1.07,-2.05,-1.01
7677,-282.21,350.08,263.63,-296.11,-25.09,18.14,298.01,8.85,-0.11,0.04,1.07,-2.88,0.19
7678,-282.14,350.04,263.90,-296.27,-25.07,18.00,298.09,8.88,-0.11,0.03,1.08,1.46,1.60
7679,-281.22,349.70,263.39,-296.54,-25.41,17.75,297.71,8.83,-0.07,-0.06,1.06,3.69,-0.01
7680,-281.73,349.83,263.89,-296.52,-25.18,17.79,297.99,8.87,-0.13,0.05,1.07,6.44,0.84
7681,-281.35,349.40,264.16,-296.79,-25.17,17.45,297.92,8.86,-0.11,0.04,1.07,-3.12,0.37
7682,-281.38,349.29,264.44,-297.08,-25.14,17.29,298.05,8.82,-0.10,0.05,1.05,0.92,-0.92
7683,-281.17,349.21,264.63,-297.24,-25.16,17.13,298.06,8.86,-0.12,0.03,1.06,-1.46,-0.47
7684,-281.12,349.03,264.91,-297.45,-25.11,16.95,298.13,8.84,-0.11,0.04,1.05,-0.77,0.73
7685,-281.00,348.86,265.12,-297.58,-25.08,16.79,298.14,8.85,-0.11,0.04,1.05,0.05,0.78
7686,-280.91,348.72,265.35,-297.72,-25.04,16.64,298.18,8.86,-0.11,0.04,1.06,0.21,1.29
7687,-280.80,348.55,265.59,-297.92,-25.02,16.46,298.22,8.85,-0.10,0.04,1.06,-0.11,0.72
7688,-280.70,348.43,265.75,-298.11,-25.02,16.32,298.25,8.84,-0.11,0.04,1.05,-0.41,0.20
7689,-280.58,348.28,265.98,-298.29,-25.00,16.15,298.28,8.85,-0.11,0.04,1.05,-0.63,0.47
7690,-280.46,348.19,266.16,-298.44,-25.00,16.01,298.31,8.86,-0.11,0.03,1.06,0.05,0.44
7691,-280.36,348.06,266.36,-298.59,-24.98,15.87,298.34,8.87,-0.11,0.04,1.06,-0.03,0.80
7692,-280.29,347.90,266.54,-298.80,-24.97,15.71,298.38,8.84,-0.11,0.03,1.05,-0.24,0.73
7693,-280.16,347.80,266.76,-298.91,-24.95,15.57,298.41,8.87,-0.11,0.04,1.06,-0.01,1.03
7694,-280.09,347.67,266.94,-299.07,-24.93,15.44,298.44,8.86,-0.11,0.04,1.06,0.08,0.79
7695,-280.02,347.55,267.11,-299.23,-24.91,15.31,298.48,8.85,-0.11,0.03,1.05,0.31,1.14
7696,-279.92,347.46,267.34,-299.39,-24.90,15.16,298.53,8.87,-0.11,0.03,1.06,-0.38,1.00
7697,-279.85,347.33,267.49,-299.55,-24.89,15.03,298.55,8.86,-0.11,0.03,1.05,-0.12,0.75
7698,-279.77,347.22,267.69,-299.70,-24.87,14.90,298.60,8.86,-0.10,0.03,1.05,0.05,1.00
7699,-279.71,347.15,267.84,-299.85,-24.86,14.79,298.64,8.86,-0.11,0.03,1.05,0.50,1.10
7700,-279.65,347.10,268.02,-300.00,-24.86,14.68,298.69,8.87,-0.11,0.03,1.05,0.36,1.15
7701,-279.57,346.95,268.18,-300.14,-24.83,14.55,298.71,8.85,-0.11,0.03,1.05,0.27,0.77
7702,-279.49,346.90,268.37,-300.24,-24.82,14.45,298.75,8.88,-0.11,0.04,1.06,0.34,0.71
7703,-279.44,346.78,268.49,-300.39,-24.81,14.33,298.78,8.86,-0.11,0.04,1.05,0.53,0.37
7704,-279.33,346.72,268.67,-300.52,-24.81,14.21,298.81,8.88,-0.10,0.03,1.06,0.51,0.88
7705,-279.31,346.61,268.80,-300.64,-24.79,14.12,298.84,8.87,-0.11,0.03,1.06,0.66,1.06
7706,-279.24,346.55,268.93,-300.75,-24.78,14.03,298.87,8.87,-0.11,0.03,1.06,0.33,0.66
7707,-279.16,346.44,269.11,-300.90,-24.77,13.90,298.90,8.87,-0.10,0.03,1.05,0.15,0.73
7708,-279.13,346.38,269.24,-301.04,-24.76,13.81,298.95,8.86,-0.11,0.03,1.05,0.35,0.95
7709,-279.03,346.31,269.41,-301.15,-24.75,13.70,298.98,8.88,-0.11,0.03,1.06,0.23,0.89
7710,-279.02,346.25,269.53,-301.26,-24.74,13.62,299.01,8.88,-0.11,0.03,1.06,0.66,0.69
7711,-278.95,346.16,269.66,-301.42,-24.74,13.51,299.05,8.86,-0.11,0.03,1.05,-0.02,0.70
7712,-278.89,346.13,269.79,-301.50,-24.74,13.43,299.08,8.89,-0.11,0.03,1.06,0.52,0.66
7713,-278.82,346.09,269.92,-301.68,-24.76,13.33,299.13,8.88,-0.10,0.02,1.05,0.79,0.74
7714,-278.82,346.01,270.04,-301.73,-24.72,13.26,299.15,8.88,-0.11,0.03,1.05,0.84,0.91
7715,-278.78,345.98,270.17,-301.81,-24.71,13.20,299.19,8.89,-0.11,0.03,1.06,0.99,0.96
7716,-278.74,345.91,270.27,-301.94,-24.71,13.11,299.22,8.88,-0.11,0.03,1.05,0.73,0.58
7717,-278.67,345.85,270.43,-302.05,-24.70,13.01,299.25,8.89,-0.10,0.03,1.06,0.37,0.54
7718,-278.65,345.79,270.52,-302.18,-24.70,12.93,299.28,8.87,-0.11,0.03,1.05,0.14,0.67
7719,-278.60,345.77,270.66,-302.24,-24.69,12.87,299.32,8.90,-0.11,0.03,1.06,0.73,0.75
7720,-278.56,345.70,270.76,-302.36,-24.68,12.79,299.35,8.89,-0.11,0.03,1.06,0.76,0.76
7721,-278.51,345.65,270.87,-302.46,-24.68,12.71,299.37,8.89,-0.10,0.03,1.06,0.96,0.77
7722,-278.45,345.62,271.01,-302.55,-24.67,12.63,299.41,8.91,-0.11,0.03,1.07,0.67,0.92
7723,-278.47,345.56,271.08,-302.65,-24.67,12.57,299.44,8.88,-0.11,0.03,1.05,0.85,0.76
7724,-278.44,345.55,271.21,-302.74,-24.66,12.51,299.49,8.89,-0.11,0.03,1.06,0.77,1.16
7725,-278.41,345.50,271.31,-302.85,-24.66,12.44,299.52,8.89,-0.11,0.02,1.05,0.60,0.92
7726,-278.39,345.47,271.44,-302.92,-24.64,12.38,299.55,8.90,-0.11,0.03,1.06,0.69,0.76
7727,-278.35,345.42,271.51,-303.02,-24.65,12.31,299.57,8.89,-0.11,0.02,1.05,0.77,0.65
7728,-278.30,345.39,271.63,-303.11,-24.64,12.24,299.61,8.90,-0.11,0.02,1.06,0.54,0.92
7729,-278.28,345.34,271.73,-303.20,-24.63,12.17,299.64,8.90,-0.11,0.03,1.06,0.59,1.11
7730,-278.26,345.31,271.82,-303.30,-24.64,12.11,299.67,8.89,-0.11,0.02,1.05,0.78,0.85
7731,-278.23,345.29,271.90,-303.38,-24.63,12.06,299.70,8.89,-0.11,0.02,1.05,0.89,0.86
7732,-278.22,345.27,271.98,-303.44,-24.63,12.02,299.73,8.90,-0.11,0.02,1.05,0.86,1.11
7733,-278.18,345.25,272.06,-303.54,-24.64,11.95,299.76,8.90,-0.11,0.02,1.05,0.66,0.76
7734,-278.14,345.22,272.17,-303.63,-24.63,11.89,299.79,8.91,-0.11,0.02,1.06,0.57,0.88
7735,-278.14,345.21,272.28,-303.73,-24.63,11.83,299.84,8.90,-0.11,0.02,1.06,0.51,0.88
7736,-278.13,345.18,272.36,-303.82,-24.63,11.78,299.87,8.90,-0.11,0.02,1.05,0.55,0.70
7737,-278.12,345.17,272.43,-303.87,-24.62,11.75,299.90,8.90,-0.11,0.02,1.05,0.69,1.12
7738,-278.13,345.15,272.50,-303.94,-24.61,11.71,299.93,8.89,-0.11,0.02,1.05,0.96,1.03
7739,-278.10,345.17,272.62,-304.02,-24.62,11.66,299.98,8.92,-0.11,0.02,1.06,0.76,0.71
7740,-278.10,345.12,272.69,-304.07,-24.60,11.62,299.99,8.91,-0.11,0.03,1.06,0.80,1.02
7741,-278.09,345.10,272.78,-304.13,-24.59,11.57,300.03,8.91,-0.11,0.03,1.06,0.87,1.17
7742,-278.07,345.10,272.85,-304.20,-24.59,11.53,300.05,8.92,-0.11,0.02,1.06,0.93,1.03
7743,-278.07,345.08,272.91,-304.29,-24.60,11.49,300.09,8.91,-0.11,0.02,1.06,0.82,0.64
7744,-278.03,345.06,273.00,-304.34,-24.59,11.44,300.11,8.92,-0.11,0.02,1.06,0.62,0.85
7745,-278.06,345.02,273.08,-304.42,-24.58,11.39,300.15,8.90,-0.11,0.03,1.05,0.78,0.94
7746,-278.04,345.05,273.17,-304.49,-24.58,11.36,300.18,8.92,-0.11,0.02,1.06,0.47,0.63
7747,-278.01,345.02,273.24,-304.58,-24.59,11.30,300.21,8.92,-0.10,0.02,1.06,0.45,0.82
7748,-278.04,345.02,273.28,-304.64,-24.59,11.29,300.24,8.91,-0.11,0.02,1.05,0.79,0.97
7749,-278.00,345.00,273.38,-304.71,-24.58,11.23,300.27,8.92,-0.10,0.02,1.05,0.56,0.67
7750,-278.01,345.00,273.46,-304.75,-24.57,11.20,300.30,8.92,-0.11,0.02,1.06,0.84,1.01
7751,-278.00,345.02,273.50,-304.83,-24.59,11.17,300.34,8.92,-0.11,0.02,1.06,0.92,0.58
7752,-277.98,344.99,273.56,-304.92,-24.59,11.12,300.36,8.91,-0.10,0.02,1.05,0.83,0.47
7753,-277.99,344.98,273.64,-304.97,-24.58,11.09,300.39,8.92,-0.10,0.02,1.05,0.79,1.11
7754,-278.00,344.98,273.72,-305.02,-24.57,11.06,300.43,8.92,-0.10,0.02,1.05,1.12,1.04
7755,-277.99,345.02,273.79,-305.09,-24.58,11.03,300.47,8.93,-0.11,0.02,1.06,1.08,0.78
7756,-277.99,344.99,273.85,-305.14,-24.57,11.00,300.49,8.93,-0.11,0.02,1.06,0.89,1.18
7757,-278.01,344.99,273.90,-305.21,-24.57,10.97,300.53,8.91,-0.11,0.02,1.05,0.76,1.06
7758,-278.01,344.99,273.99,-305.26,-24.56,10.94,300.56,8.93,-0.11,0.02,1.06,0.57,0.79
7759,-278.04,345.00,274.02,-305.30,-24.56,10.93,300.59,8.92,-0.11,0.02,1.05,0.95,0.90
7760,-278.03,345.00,274.10,-305.34,-24.55,10.90,300.62,8.93,-0.11,0.02,1.06,0.91,1.22
7761,-278.02,345.03,274.15,-305.40,-24.56,10.87,300.65,8.94,-0.11,0.02,1.06,0.67,0.98
7762,-278.01,345.01,274.20,-305.50,-24.58,10.83,300.68,8.92,-0.10,0.01,1.05,0.34,0.98
7763,-278.04,345.05,274.25,-305.52,-24.57,10.83,300.71,8.94,-0.11,0.02,1.06,0.79,0.95
7764,-278.07,345.04,274.33,-305.57,-24.55,10.80,300.75,8.93,-0.11,0.02,1.06,0.78,1.15
7765,-278.08,345.06,274.36,-305.61,-24.56,10.79,300.78,8.93,-0.11,0.02,1.06,0.56,0.93
7766,-278.07,345.06,274.44,-305.66,-24.55,10.76,300.81,8.94,-0.11,0.02,1.06,0.80,1.03
7767,-278.12,345.08,274.47,-305.69,-24.55,10.76,300.84,8.93,-0.11,0.02,1.06,0.95,1.02
7768,-278.14,345.06,274.54,-305.72,-24.53,10.73,300.86,8.93,-0.11,0.02,1.05,1.21,1.19
7769,-278.14,345.09,274.59,-305.77,-24.53,10.72,300.90,8.94,-0.11,0.02,1.06,0.90,1.27
7770,-278.15,345.12,274.60,-305.82,-24.54,10.71,300.92,8.94,-0.11,0.02,1.06,0.89,0.77
7771,-278.15,345.12,274.68,-305.85,-24.54,10.69,300.95,8.95,-0.11,0.02,1.06,0.63,0.79
7772,-278.15,345.12,274.71,-305.92,-24.54,10.66,300.97,8.94,-0.10,0.02,1.06,0.79,0.85
7773,-278.17,345.15,274.76,-305.96,-24.55,10.65,301.01,8.94,-0.11,0.02,1.06,0.97,0.63
7774,-278.19,345.15,274.79,-306.01,-24.54,10.64,301.04,8.94,-0.11,0.02,1.05,0.76,0.79
7775,-278.19,345.18,274.83,-306.05,-24.55,10.62,301.06,8.94,-0.11,0.02,1.05,0.73,0.59
7776,-278.20,345.20,274.87,-306.09,-24.55,10.61,301.09,8.95,-0.11,0.02,1.05,1.01,0.83
7777,-278.25,345.24,274.92,-306.11,-24.55,10.61,301.13,8.95,-0.11,0.02,1.06,1.28,0.76
7778,-278.27,345.28,274.98,-306.15,-24.55,10.60,301.17,8.96,-0.11,0.02,1.06,1.28,0.73
7779,-278.30,345.29,274.99,-306.22,-24.55,10.60,301.20,8.94,-0.11,0.02,1.05,0.93,0.63
7780,-278.29,345.33,275.03,-306.25,-24.56,10.59,301.22,8.96,-0.11,0.01,1.06,0.79,0.64
7781,-278.32,345.34,275.08,-306.30,-24.56,10.57,301.26,8.95,-0.11,0.02,1.06,0.77,0.65
7782,-278.33,345.36,275.13,-306.34,-24.56,10.56,301.29,8.96,-0.11,0.02,1.06,0.65,0.69
7783,-278.36,345.36,275.15,-306.40,-24.56,10.54,301.32,8.94,-0.10,0.01,1.05,0.86,0.98
7784,-278.35,345.41,275.20,-306.43,-24.57,10.53,301.35,8.96,-0.11,0.01,1.05,0.92,1.03
7785,-278.38,345.44,275.23,-306.46,-24.57,10.53,301.38,8.96,-0.11,0.01,1.06,1.21,1.14
7786,-278.42,345.45,275.26,-306.50,-24.57,10.53,301.41,8.95,-0.11,0.02,1.05,0.90,1.13
7787,-278.43,345.47,275.30,-306.54,-24.57,10.52,301.44,8.95,-0.11,0.02,1.05,0.95,0.79
7788,-278.43,345.55,275.34,-306.55,-24.58,10.52,301.47,8.98,-0.11,0.01,1.06,1.05,1.06
7789,-278.46,345.53,275.36,-306.62,-24.58,10.50,301.50,8.95,-0.11,0.01,1.05,0.82,0.98
7790,-278.47,345.59,275.38,-306.66,-24.60,10.50,301.53,8.96,-0.11,0.01,1.05,1.16,0.74
7791,-278.48,345.59,275.44,-306.68,-24.59,10.49,301.55,8.97,-0.11,0.02,1.06,0.86,0.93
7792,-278.52,345.62,275.45,-306.72,-24.59,10.49,301.58,8.96,-0.11,0.02,1.06,1.00,0.77
7793,-278.55,345.64,275.48,-306.76,-24.59,10.49,301.61,8.95,-0.11,0.02,1.05,1.10,0.76
7794,-278.58,345.69,275.53,-306.78,-24.59,10.49,301.65,8.96,-0.11,0.02,1.05,0.82,1.11
7795,-278.59,345.69,275.58,-306.81,-24.59,10.47,301.67,8.97,-0.10,0.02,1.05,0.99,0.93
7796,-278.59,345.73,275.60,-306.86,-24.60,10.47,301.69,8.97,-0.10,0.01,1.06,1.30,0.84
7797,-278.64,345.79,275.63,-306.85,-24.59,10.49,301.73,8.98,-0.11,0.02,1.06,1.24,1.07
7798,-278.68,345.79,275.64,-306.93,-24.60,10.47,301.76,8.95,-0.11,0.01,1.05,0.96,0.85
7799,-278.71,345.82,275.69,-306.93,-24.59,10.48,301.79,8.97,-0.11,0.02,1.05,0.95,0.90
7800,-278.73,345.88,275.69,-306.95,-24.61,10.49,301.81,8.97,-0.11,0.01,1.05,1.21,1.02
7801,-278.77,345.89,275.74,-306.98,-24.59,10.48,301.84,8.97,-0.11,0.02,1.05,1.23,1.01
7802,-278.76,345.95,275.76,-307.01,-24.61,10.48,301.87,8.98,-0.11,0.01,1.06,0.64,0.73
7803,-278.76,345.94,275.79,-307.08,-24.62,10.46,301.89,8.98,-0.11,0.02,1.06,0.15,0.07
7804,-278.77,345.97,275.84,-307.14,-24.62,10.44,301.93,8.98,-0.10,0.01,1.06,0.27,0.45
7805,-278.81,346.01,275.87,-307.18,-24.63,10.44,301.97,8.97,-0.11,0.01,1.05,0.76,0.60
7806,-278.84,346.06,275.88,-307.21,-24.64,10.45,302.00,8.97,-0.11,0.01,1.05,1.06,0.83
7807,-278.87,346.09,275.92,-307.22,-24.63,10.46,302.03,8.98,-0.11,0.01,1.05,1.65,1.11
7808,-278.88,346.13,275.95,-307.26,-24.64,10.45,302.05,8.98,-0.10,0.01,1.06,1.53,0.92
7809,-278.92,346.14,275.99,-307.28,-24.63,10.45,302.09,8.98,-0.11,0.02,1.06,1.27,0.96
7810,-278.98,346.20,276.00,-307.31,-24.63,10.47,302.12,8.98,-0.11,0.01,1.05,1.32,0.98
7811,-279.02,346.24,276.04,-307.30,-24.62,10.48,302.15,8.99,-0.11,0.02,1.06,1.34,0.98
7812,-279.03,346.28,276.05,-307.35,-24.64,10.48,302.18,8.99,-0.11,0.01,1.06,1.11,0.56
7813,-279.04,346.31,276.08,-307.41,-24.65,10.47,302.21,8.99,-0.11,0.01,1.06,0.65,0.50
7814,-279.07,346.35,276.09,-307.46,-24.66,10.47,302.24,8.98,-0.11,0.01,1.05,0.58,0.67
7815,-279.07,346.41,276.13,-307.46,-24.67,10.47,302.27,9.00,-0.11,0.01,1.06,1.33,0.66
7816,-279.13,346.42,276.14,-307.50,-24.66,10.48,302.30,8.98,-0.11,0.01,1.06,1.16,1.09
7817,-279.18,346.44,276.19,-307.50,-24.64,10.48,302.33,8.99,-0.11,0.02,1.05,1.24,1.18
7818,-279.18,346.50,276.22,-307.52,-24.66,10.49,302.36,9.00,-0.11,0.01,1.06,1.28,1.27
7819,-279.24,346.51,276.22,-307.56,-24.65,10.49,302.38,8.98,-0.11,0.01,1.05,1.26,1.24
7820,-279.27,346.57,276.26,-307.57,-24.65,10.50,302.42,9.00,-0.11,0.01,1.06,1.22,1.08
7821,-279.24,346.68,276.25,-307.64,-24.71,10.51,302.45,9.01,-0.11,-0.00,1.06,0.91,0.36
7822,-279.31,346.65,276.25,-307.67,-24.69,10.51,302.47,8.98,-0.11,0.01,1.05,0.97,0.79
7823,-279.34,346.70,276.28,-307.66,-24.69,10.53,302.49,9.00,-0.11,0.01,1.06,1.13,0.82
7824,-279.36,346.71,276.33,-307.69,-24.68,10.51,302.52,9.00,-0.11,0.01,1.06,0.99,1.16
7825,-279.40,346.74,276.35,-307.72,-24.68,10.52,302.55,8.99,-0.11,0.01,1.05,1.00,1.24
7826,-279.42,346.80,276.40,-307.74,-24.68,10.52,302.59,9.01,-0.11,0.01,1.06,0.98,1.04
7827,-279.46,346.82,276.39,-307.77,-24.69,10.53,302.61,9.00,-0.11,0.01,1.06,0.98,1.12
7828,-279.48,346.85,276.42,-307.82,-24.69,10.52,302.64,8.99,-0.10,0.01,1.05,1.05,0.84
7829,-279.49,346.90,276.46,-307.84,-24.70,10.52,302.67,9.01,-0.11,0.01,1.06,0.99,0.71
7830,-279.52,346.92,276.47,-307.88,-24.70,10.52,302.70,9.00,-0.11,0.01,1.05,0.85,0.96
7831,-279.58,346.98,276.46,-307.88,-24.71,10.55,302.73,9.00,-0.11,0.01,1.05,1.25,0.68
7832,-279.61,347.03,276.51,-307.86,-24.69,10.57,302.75,9.02,-0.11,0.01,1.06,1.41,1.36
7833,-279.63,347.04,276.52,-307.93,-24.70,10.55,302.78,9.00,-0.11,0.01,1.06,0.96,0.87
7834,-279.64,347.08,276.56,-307.95,-24.71,10.55,302.81,9.01,-0.11,0.01,1.06,1.02,0.69
7835,-279.66,347.14,276.59,-307.96,-24.71,10.56,302.84,9.03,-0.11,0.01,1.07,0.93,0.82
7836,-279.73,347.13,276.61,-308.02,-24.70,10.56,302.87,9.00,-0.11,0.01,1.05,0.85,0.61
7837,-279.76,347.21,276.63,-308.02,-24.71,10.58,302.90,9.01,-0.11,0.01,1.06,1.03,0.84
7838,-279.79,347.26,276.63,-308.04,-24.72,10.59,302.93,9.02,-0.11,0.01,1.06,1.21,0.59
7839,-279.82,347.28,276.66,-308.09,-24.72,10.59,302.96,9.01,-0.11,0.01,1.05,1.24,0.85
7840,-279.86,347.33,276.69,-308.10,-24.72,10.60,302.99,9.01,-0.11,0.01,1.06,1.15,0.93
7841,-279.91,347.37,276.71,-308.13,-24.72,10.61,303.03,9.01,-0.11,0.01,1.05,1.13,1.03
7842,-279.93,347.41,276.74,-308.15,-24.72,10.61,303.06,9.02,-0.11,0.01,1.06,0.83,0.70
7843,-279.98,347.44,276.74,-308.17,-24.72,10.63,303.08,9.01,-0.11,0.01,1.05,0.98,0.62
7844,-280.02,347.49,276.75,-308.18,-24.72,10.65,303.11,9.01,-0.11,0.01,1.05,0.98,0.98
7845,-280.02,347.53,276.78,-308.21,-24.73,10.64,303.14,9.02,-0.11,0.01,1.05,1.08,0.81
7846,-280.08,347.57,276.80,-308.20,-24.72,10.66,303.16,9.02,-0.11,0.01,1.06,1.36,0.94
7847,-280.08,347.62,276.83,-308.23,-24.73,10.66,303.19,9.04,-0.11,0.01,1.06,1.11,0.94
7848,-280.14,347.63,276.85,-308.25,-24.72,10.67,303.22,9.02,-0.11,0.01,1.06,1.44,0.98
7849,-280.16,347.68,276.86,-308.28,-24.73,10.68,303.24,9.02,-0.11,0.01,1.06,1.05,0.77
7850,-280.23,347.70,276.90,-308.26,-24.71,10.69,303.27,9.02,-0.11,0.02,1.06,1.37,1.08
7851,-280.27,347.70,276.93,-308.29,-24.70,10.69,303.30,9.02,-0.11,0.01,1.05,0.91,1.33
7852,-280.28,347.75,276.95,-308.32,-24.71,10.69,303.32,9.02,-0.10,0.01,1.05,1.12,0.93
7853,-280.33,347.80,276.95,-308.34,-24.71,10.71,303.35,9.02,-0.11,0.01,1.05,1.49,0.87
7854,-280.36,347.84,276.98,-308.35,-24.71,10.72,303.38,9.03,-0.11,0.01,1.05,1.15,1.35
